SimulationID,Wslot,Wtaper,Ltapper,Wbalun,Wstrip,Lstrip_offset,S11_Raw_File,S11_Clean_File,Gain_Raw_File,Gain_Clean_File,MinS11_dB,MinS11_Freq_GHz,PeakGain_dB,PeakGain_Theta_deg,Timestamp,Success,ErrorMessage
SIM001,0.0174927827118198,1.68730407972729,3.65724318246274,0.379579377565984,0.121362845824788,0.345375752167451,W:\Formal\Vivaldi\DATA\results\vivaldi_sweep_20260413_155533\SIM001_S11.csv,W:\Formal\Vivaldi\DATA\results\vivaldi_sweep_20260413_155533\SIM001_S11_clean.csv,W:\Formal\Vivaldi\DATA\results\vivaldi_sweep_20260413_155533\SIM001_Gain.csv,W:\Formal\Vivaldi\DATA\results\vivaldi_sweep_20260413_155533\SIM001_Gain_clean.csv,-38.7142573337668,14.11,7.64378835707545,92,2026-04-13 15:57:47,1,
SIM002,0.022602419812598,1.69971668778687,3.8506839929208,0.302770519498616,0.152185225416442,0.39192655200133,W:\Formal\Vivaldi\DATA\results\vivaldi_sweep_20260413_155533\SIM002_S11.csv,W:\Formal\Vivaldi\DATA\results\vivaldi_sweep_20260413_155533\SIM002_S11_clean.csv,W:\Formal\Vivaldi\DATA\results\vivaldi_sweep_20260413_155533\SIM002_Gain.csv,W:\Formal\Vivaldi\DATA\results\vivaldi_sweep_20260413_155533\SIM002_Gain_clean.csv,-14.5592986189737,11.835,7.84385516915605,90,2026-04-13 16:00:16,1,
SIM003,0.0123263039101461,2.05365686481267,3.82337639141316,0.399167093115324,0.15157381381397,0.353900453067545,W:\Formal\Vivaldi\DATA\results\vivaldi_sweep_20260413_155533\SIM003_S11.csv,W:\Formal\Vivaldi\DATA\results\vivaldi_sweep_20260413_155533\SIM003_S11_clean.csv,W:\Formal\Vivaldi\DATA\results\vivaldi_sweep_20260413_155533\SIM003_Gain.csv,W:\Formal\Vivaldi\DATA\results\vivaldi_sweep_20260413_155533\SIM003_Gain_clean.csv,-19.6578974933219,13.98,7.84653873298635,90,2026-04-13 16:02:45,1,
SIM004,0.0156018706337652,1.89598087545156,3.49682422820659,0.308973696070308,0.146050548707392,0.347018627741014,W:\Formal\Vivaldi\DATA\results\vivaldi_sweep_20260413_155533\SIM004_S11.csv,W:\Formal\Vivaldi\DATA\results\vivaldi_sweep_20260413_155533\SIM004_S11_clean.csv,W:\Formal\Vivaldi\DATA\results\vivaldi_sweep_20260413_155533\SIM004_Gain.csv,W:\Formal\Vivaldi\DATA\results\vivaldi_sweep_20260413_155533\SIM004_Gain_clean.csv,-38.3705354409459,14.76,7.52600064503736,90,2026-04-13 16:04:52,1,
SIM005,0.0338145220133246,1.86344749301566,3.71857073667971,0.332655234523145,0.123844900341032,0.266087219671226,W:\Formal\Vivaldi\DATA\results\vivaldi_sweep_20260413_155533\SIM005_S11.csv,W:\Formal\Vivaldi\DATA\results\vivaldi_sweep_20260413_155533\SIM005_S11_clean.csv,W:\Formal\Vivaldi\DATA\results\vivaldi_sweep_20260413_155533\SIM005_Gain.csv,W:\Formal\Vivaldi\DATA\results\vivaldi_sweep_20260413_155533\SIM005_Gain_clean.csv,-35.0586383354452,16.58,7.82411922623969,88,2026-04-13 16:06:16,1,
SIM006,0.0200827195119657,2.02179321077568,4.07482440475981,0.339246877593814,0.143853312194053,0.362384297537509,W:\Formal\Vivaldi\DATA\results\vivaldi_sweep_20260413_155533\SIM006_S11.csv,W:\Formal\Vivaldi\DATA\results\vivaldi_sweep_20260413_155533\SIM006_S11_clean.csv,W:\Formal\Vivaldi\DATA\results\vivaldi_sweep_20260413_155533\SIM006_Gain.csv,W:\Formal\Vivaldi\DATA\results\vivaldi_sweep_20260413_155533\SIM006_Gain_clean.csv,-24.2453468631553,13.785,8.14719559494139,90,2026-04-13 16:08:30,1,
SIM007,0.0291885836127277,1.96620645653734,4.03209352663574,0.400041768410599,0.146540194065468,0.408402475027286,W:\Formal\Vivaldi\DATA\results\vivaldi_sweep_20260413_155533\SIM007_S11.csv,W:\Formal\Vivaldi\DATA\results\vivaldi_sweep_20260413_155533\SIM007_S11_clean.csv,W:\Formal\Vivaldi\DATA\results\vivaldi_sweep_20260413_155533\SIM007_Gain.csv,W:\Formal\Vivaldi\DATA\results\vivaldi_sweep_20260413_155533\SIM007_Gain_clean.csv,-15.237918053153,11.575,8.13913891718769,90,2026-04-13 16:11:04,1,
SIM008,0.0349530801295549,1.73506767995971,3.70853955158341,0.290185069156456,0.132542632615981,0.372437295831855,W:\Formal\Vivaldi\DATA\results\vivaldi_sweep_20260413_155533\SIM008_S11.csv,W:\Formal\Vivaldi\DATA\results\vivaldi_sweep_20260413_155533\SIM008_S11_clean.csv,W:\Formal\Vivaldi\DATA\results\vivaldi_sweep_20260413_155533\SIM008_Gain.csv,W:\Formal\Vivaldi\DATA\results\vivaldi_sweep_20260413_155533\SIM008_Gain_clean.csv,-17.1833764572473,16.775,7.80811174598148,90,2026-04-13 16:12:10,1,
SIM009,0.0325767007748901,1.79166814020438,3.9149251505376,0.346181092743605,0.150832571483573,0.386102166046212,W:\Formal\Vivaldi\DATA\results\vivaldi_sweep_20260413_155533\SIM009_S11.csv,W:\Formal\Vivaldi\DATA\results\vivaldi_sweep_20260413_155533\SIM009_S11_clean.csv,W:\Formal\Vivaldi\DATA\results\vivaldi_sweep_20260413_155533\SIM009_Gain.csv,W:\Formal\Vivaldi\DATA\results\vivaldi_sweep_20260413_155533\SIM009_Gain_clean.csv,-16.776426800622,20.285,7.97720759385645,90,2026-04-13 16:14:02,1,
SIM010,0.0396607676018222,1.9637384773378,4.01113548850851,0.333751294248122,0.127448571997946,0.299935339158871,W:\Formal\Vivaldi\DATA\results\vivaldi_sweep_20260413_155533\SIM010_S11.csv,W:\Formal\Vivaldi\DATA\results\vivaldi_sweep_20260413_155533\SIM010_S11_clean.csv,W:\Formal\Vivaldi\DATA\results\vivaldi_sweep_20260413_155533\SIM010_Gain.csv,W:\Formal\Vivaldi\DATA\results\vivaldi_sweep_20260413_155533\SIM010_Gain_clean.csv,-32.226270430652,18.075,8.13497958898393,88,2026-04-13 16:15:36,1,
SIM011,0.0255401166834642,1.82923390690183,4.09350638147073,0.299326602459331,0.14089676759703,0.360309357068607,W:\Formal\Vivaldi\DATA\results\vivaldi_sweep_20260413_155533\SIM011_S11.csv,W:\Formal\Vivaldi\DATA\results\vivaldi_sweep_20260413_155533\SIM011_S11_clean.csv,W:\Formal\Vivaldi\DATA\results\vivaldi_sweep_20260413_155533\SIM011_Gain.csv,W:\Formal\Vivaldi\DATA\results\vivaldi_sweep_20260413_155533\SIM011_Gain_clean.csv,-22.4083956208697,13.655,8.1378104828743,90,2026-04-13 16:17:19,1,
SIM012,0.0150386259975455,2.03468992388151,3.67328227225235,0.34434679343777,0.149816591983756,0.394179490906248,W:\Formal\Vivaldi\DATA\results\vivaldi_sweep_20260413_155533\SIM012_S11.csv,W:\Formal\Vivaldi\DATA\results\vivaldi_sweep_20260413_155533\SIM012_S11_clean.csv,W:\Formal\Vivaldi\DATA\results\vivaldi_sweep_20260413_155533\SIM012_Gain.csv,W:\Formal\Vivaldi\DATA\results\vivaldi_sweep_20260413_155533\SIM012_Gain_clean.csv,-15.4813543819028,14.825,7.72341248088346,92,2026-04-13 16:20:00,1,
SIM013,0.0256738092485432,1.75968258692967,3.42428943498308,0.3210719385916,0.122752086029004,0.295917571961891,W:\Formal\Vivaldi\DATA\results\vivaldi_sweep_20260413_155533\SIM013_S11.csv,W:\Formal\Vivaldi\DATA\results\vivaldi_sweep_20260413_155533\SIM013_S11_clean.csv,W:\Formal\Vivaldi\DATA\results\vivaldi_sweep_20260413_155533\SIM013_Gain.csv,W:\Formal\Vivaldi\DATA\results\vivaldi_sweep_20260413_155533\SIM013_Gain_clean.csv,-33.7579081148222,13.2,7.50311196380914,90,2026-04-13 16:22:12,1,
SIM014,0.0178568786695456,1.94361814724357,3.44601432045036,0.308031749352163,0.133486579332865,0.343321376155368,W:\Formal\Vivaldi\DATA\results\vivaldi_sweep_20260413_155533\SIM014_S11.csv,W:\Formal\Vivaldi\DATA\results\vivaldi_sweep_20260413_155533\SIM014_S11_clean.csv,W:\Formal\Vivaldi\DATA\results\vivaldi_sweep_20260413_155533\SIM014_Gain.csv,W:\Formal\Vivaldi\DATA\results\vivaldi_sweep_20260413_155533\SIM014_Gain_clean.csv,-38.2644834728738,12.745,7.52529459262466,90,2026-04-13 16:24:18,1,
SIM015,0.0363325913074778,1.82218568041512,3.94093300580838,0.285087246956548,0.126760433328022,0.439759324186833,W:\Formal\Vivaldi\DATA\results\vivaldi_sweep_20260413_155533\SIM015_S11.csv,W:\Formal\Vivaldi\DATA\results\vivaldi_sweep_20260413_155533\SIM015_S11_clean.csv,W:\Formal\Vivaldi\DATA\results\vivaldi_sweep_20260413_155533\SIM015_Gain.csv,W:\Formal\Vivaldi\DATA\results\vivaldi_sweep_20260413_155533\SIM015_Gain_clean.csv,-12.9633398831961,8,8.01456267892389,90,2026-04-13 16:27:17,1,
SIM016,0.0176037239602228,1.70614145453511,3.51162928067508,0.350608654841686,0.150291283285406,0.388972778612658,W:\Formal\Vivaldi\DATA\results\vivaldi_sweep_20260413_155533\SIM016_S11.csv,W:\Formal\Vivaldi\DATA\results\vivaldi_sweep_20260413_155533\SIM016_S11_clean.csv,W:\Formal\Vivaldi\DATA\results\vivaldi_sweep_20260413_155533\SIM016_Gain.csv,W:\Formal\Vivaldi\DATA\results\vivaldi_sweep_20260413_155533\SIM016_Gain_clean.csv,-23.005313199371,14.76,7.51163614800334,90,2026-04-13 16:29:39,1,
SIM017,0.0393678575296353,1.92446731246488,3.43892426212435,0.349373955134323,0.151160979968483,0.411716541808416,W:\Formal\Vivaldi\DATA\results\vivaldi_sweep_20260413_155533\SIM017_S11.csv,W:\Formal\Vivaldi\DATA\results\vivaldi_sweep_20260413_155533\SIM017_S11_clean.csv,W:\Formal\Vivaldi\DATA\results\vivaldi_sweep_20260413_155533\SIM017_Gain.csv,W:\Formal\Vivaldi\DATA\results\vivaldi_sweep_20260413_155533\SIM017_Gain_clean.csv,-13.4420395652118,13.005,7.5773573509249,90,2026-04-13 16:32:42,1,
SIM018,0.0253792915564163,1.83664497417576,3.50694254971712,0.338372914278378,0.149091758383658,0.310437877618129,W:\Formal\Vivaldi\DATA\results\vivaldi_sweep_20260413_155533\SIM018_S11.csv,W:\Formal\Vivaldi\DATA\results\vivaldi_sweep_20260413_155533\SIM018_S11_clean.csv,W:\Formal\Vivaldi\DATA\results\vivaldi_sweep_20260413_155533\SIM018_Gain.csv,W:\Formal\Vivaldi\DATA\results\vivaldi_sweep_20260413_155533\SIM018_Gain_clean.csv,-39.3906562680962,15.605,7.57825733955013,90,2026-04-13 16:34:38,1,
SIM019,0.0328490220717543,1.93121111132925,3.57204248068859,0.397641072677537,0.147057413123315,0.355375553784642,W:\Formal\Vivaldi\DATA\results\vivaldi_sweep_20260413_155533\SIM019_S11.csv,W:\Formal\Vivaldi\DATA\results\vivaldi_sweep_20260413_155533\SIM019_S11_clean.csv,W:\Formal\Vivaldi\DATA\results\vivaldi_sweep_20260413_155533\SIM019_Gain.csv,W:\Formal\Vivaldi\DATA\results\vivaldi_sweep_20260413_155533\SIM019_Gain_clean.csv,-24.7753776835544,15.215,7.68626301772317,90,2026-04-13 16:36:20,1,
SIM020,0.0210638955498488,1.7641896218146,3.78010956728823,0.397522563555048,0.119134684205382,0.401896573412761,W:\Formal\Vivaldi\DATA\results\vivaldi_sweep_20260413_155533\SIM020_S11.csv,W:\Formal\Vivaldi\DATA\results\vivaldi_sweep_20260413_155533\SIM020_S11_clean.csv,W:\Formal\Vivaldi\DATA\results\vivaldi_sweep_20260413_155533\SIM020_Gain.csv,W:\Formal\Vivaldi\DATA\results\vivaldi_sweep_20260413_155533\SIM020_Gain_clean.csv,-27.6857159939104,11.575,7.76991277455231,90,2026-04-13 16:38:42,1,
SIM021,0.0218167734060099,2.02223116748433,3.60618759406217,0.41326436554418,0.118567861009195,0.325115558541062,W:\Formal\Vivaldi\DATA\results\vivaldi_sweep_20260413_155533\SIM021_S11.csv,W:\Formal\Vivaldi\DATA\results\vivaldi_sweep_20260413_155533\SIM021_S11_clean.csv,W:\Formal\Vivaldi\DATA\results\vivaldi_sweep_20260413_155533\SIM021_Gain.csv,W:\Formal\Vivaldi\DATA\results\vivaldi_sweep_20260413_155533\SIM021_Gain_clean.csv,-39.7461251809768,12.745,7.69634780618647,90,2026-04-13 16:40:32,1,
SIM022,0.0182265990741045,1.83440543104422,3.66202745872241,0.393795760074292,0.147461768386,0.364055361040663,W:\Formal\Vivaldi\DATA\results\vivaldi_sweep_20260413_155533\SIM022_S11.csv,W:\Formal\Vivaldi\DATA\results\vivaldi_sweep_20260413_155533\SIM022_S11_clean.csv,W:\Formal\Vivaldi\DATA\results\vivaldi_sweep_20260413_155533\SIM022_Gain.csv,W:\Formal\Vivaldi\DATA\results\vivaldi_sweep_20260413_155533\SIM022_Gain_clean.csv,-21.1488170557633,14.305,7.6621259442187,90,2026-04-13 16:42:23,1,
SIM023,0.0311959175088871,1.73695873271907,3.81523915510396,0.355992432721401,0.139882905461641,0.274467939053137,W:\Formal\Vivaldi\DATA\results\vivaldi_sweep_20260413_155533\SIM023_S11.csv,W:\Formal\Vivaldi\DATA\results\vivaldi_sweep_20260413_155533\SIM023_S11_clean.csv,W:\Formal\Vivaldi\DATA\results\vivaldi_sweep_20260413_155533\SIM023_Gain.csv,W:\Formal\Vivaldi\DATA\results\vivaldi_sweep_20260413_155533\SIM023_Gain_clean.csv,-42.9512835769618,16.385,7.87311660805688,92,2026-04-13 16:44:08,1,
SIM024,0.0236905273532856,1.88222165445671,3.56351397842803,0.353181687744909,0.120020555633696,0.271033205779965,W:\Formal\Vivaldi\DATA\results\vivaldi_sweep_20260413_155533\SIM024_S11.csv,W:\Formal\Vivaldi\DATA\results\vivaldi_sweep_20260413_155533\SIM024_S11_clean.csv,W:\Formal\Vivaldi\DATA\results\vivaldi_sweep_20260413_155533\SIM024_Gain.csv,W:\Formal\Vivaldi\DATA\results\vivaldi_sweep_20260413_155533\SIM024_Gain_clean.csv,-26.2393974629893,13.2,7.63222041913447,90,2026-04-13 16:46:28,1,
SIM025,0.0216395376458631,1.99109084353397,3.51951651139546,0.347690176772526,0.142676200386755,0.328231937572049,W:\Formal\Vivaldi\DATA\results\vivaldi_sweep_20260413_155533\SIM025_S11.csv,W:\Formal\Vivaldi\DATA\results\vivaldi_sweep_20260413_155533\SIM025_S11_clean.csv,W:\Formal\Vivaldi\DATA\results\vivaldi_sweep_20260413_155533\SIM025_Gain.csv,W:\Formal\Vivaldi\DATA\results\vivaldi_sweep_20260413_155533\SIM025_Gain_clean.csv,-39.3536091936375,14.695,7.60486181735021,88,2026-04-13 16:47:50,1,
SIM026,0.0264641282969745,1.98850608820665,4.05049025396246,0.405647485130086,0.123735249804494,0.431231172503223,W:\Formal\Vivaldi\DATA\results\vivaldi_sweep_20260413_155533\SIM026_S11.csv,W:\Formal\Vivaldi\DATA\results\vivaldi_sweep_20260413_155533\SIM026_S11_clean.csv,W:\Formal\Vivaldi\DATA\results\vivaldi_sweep_20260413_155533\SIM026_Gain.csv,W:\Formal\Vivaldi\DATA\results\vivaldi_sweep_20260413_155533\SIM026_Gain_clean.csv,-15.5274010381966,9.56,8.13456460737995,90,2026-04-13 16:52:02,1,
SIM027,0.0250653224076766,1.86513523370752,3.80422175009806,0.389151149782999,0.11876891997773,0.303554178486726,W:\Formal\Vivaldi\DATA\results\vivaldi_sweep_20260413_155533\SIM027_S11.csv,W:\Formal\Vivaldi\DATA\results\vivaldi_sweep_20260413_155533\SIM027_S11_clean.csv,W:\Formal\Vivaldi\DATA\results\vivaldi_sweep_20260413_155533\SIM027_Gain.csv,W:\Formal\Vivaldi\DATA\results\vivaldi_sweep_20260413_155533\SIM027_Gain_clean.csv,-34.8268524374153,12.355,7.86424748681704,90,2026-04-13 16:53:45,1,
SIM028,0.0233094886384705,1.71908713450023,3.58680142706558,0.314771344451485,0.123067800604779,0.285721995793412,W:\Formal\Vivaldi\DATA\results\vivaldi_sweep_20260413_155533\SIM028_S11.csv,W:\Formal\Vivaldi\DATA\results\vivaldi_sweep_20260413_155533\SIM028_S11_clean.csv,W:\Formal\Vivaldi\DATA\results\vivaldi_sweep_20260413_155533\SIM028_Gain.csv,W:\Formal\Vivaldi\DATA\results\vivaldi_sweep_20260413_155533\SIM028_Gain_clean.csv,-30.2795105004444,12.94,7.61745171124646,90,2026-04-13 16:56:04,1,
SIM029,0.0354439204187551,1.71012052702966,3.92457863643928,0.394306670825609,0.149201454922841,0.402171114220117,W:\Formal\Vivaldi\DATA\results\vivaldi_sweep_20260413_155533\SIM029_S11.csv,W:\Formal\Vivaldi\DATA\results\vivaldi_sweep_20260413_155533\SIM029_S11_clean.csv,W:\Formal\Vivaldi\DATA\results\vivaldi_sweep_20260413_155533\SIM029_Gain.csv,W:\Formal\Vivaldi\DATA\results\vivaldi_sweep_20260413_155533\SIM029_Gain_clean.csv,-13.2639647522735,11.64,7.98476848833137,90,2026-04-13 16:57:57,1,
SIM030,0.0329985740518858,2.0490967484001,3.7330902165589,0.326662638133048,0.146379300761557,0.381259705226629,W:\Formal\Vivaldi\DATA\results\vivaldi_sweep_20260413_155533\SIM030_S11.csv,W:\Formal\Vivaldi\DATA\results\vivaldi_sweep_20260413_155533\SIM030_S11_clean.csv,W:\Formal\Vivaldi\DATA\results\vivaldi_sweep_20260413_155533\SIM030_Gain.csv,W:\Formal\Vivaldi\DATA\results\vivaldi_sweep_20260413_155533\SIM030_Gain_clean.csv,-19.2170063508128,16.97,7.84766140030516,90,2026-04-13 16:59:39,1,
SIM031,0.029948662075625,1.87770706621802,3.53399604072813,0.316652480308673,0.143438159635776,0.384265683134704,W:\Formal\Vivaldi\DATA\results\vivaldi_sweep_20260413_155533\SIM031_S11.csv,W:\Formal\Vivaldi\DATA\results\vivaldi_sweep_20260413_155533\SIM031_S11_clean.csv,W:\Formal\Vivaldi\DATA\results\vivaldi_sweep_20260413_155533\SIM031_Gain.csv,W:\Formal\Vivaldi\DATA\results\vivaldi_sweep_20260413_155533\SIM031_Gain_clean.csv,-19.1504763102545,15.15,7.62192897369594,90,2026-04-13 17:02:15,1,
SIM032,0.0163578076527003,1.9286869373161,3.54886330889484,0.302247909210444,0.147235045082967,0.258741103342307,W:\Formal\Vivaldi\DATA\results\vivaldi_sweep_20260413_155533\SIM032_S11.csv,W:\Formal\Vivaldi\DATA\results\vivaldi_sweep_20260413_155533\SIM032_S11_clean.csv,W:\Formal\Vivaldi\DATA\results\vivaldi_sweep_20260413_155533\SIM032_Gain.csv,W:\Formal\Vivaldi\DATA\results\vivaldi_sweep_20260413_155533\SIM032_Gain_clean.csv,-32.1548597125863,13.33,7.57887975355922,90,2026-04-13 17:04:10,1,
SIM033,0.0381379750904246,1.78844764936735,3.7715019341069,0.2835603158028,0.12736641218485,0.37150621579353,W:\Formal\Vivaldi\DATA\results\vivaldi_sweep_20260413_155533\SIM033_S11.csv,W:\Formal\Vivaldi\DATA\results\vivaldi_sweep_20260413_155533\SIM033_S11_clean.csv,W:\Formal\Vivaldi\DATA\results\vivaldi_sweep_20260413_155533\SIM033_Gain.csv,W:\Formal\Vivaldi\DATA\results\vivaldi_sweep_20260413_155533\SIM033_Gain_clean.csv,-17.8495741978951,19.245,7.84610656296356,90,2026-04-13 17:05:36,1,
SIM034,0.0212585637084847,2.02679137505278,3.41011436608746,0.315336973733448,0.116292602739861,0.385989136435851,W:\Formal\Vivaldi\DATA\results\vivaldi_sweep_20260413_155533\SIM034_S11.csv,W:\Formal\Vivaldi\DATA\results\vivaldi_sweep_20260413_155533\SIM034_S11_clean.csv,W:\Formal\Vivaldi\DATA\results\vivaldi_sweep_20260413_155533\SIM034_Gain.csv,W:\Formal\Vivaldi\DATA\results\vivaldi_sweep_20260413_155533\SIM034_Gain_clean.csv,-21.6961321873825,10.665,7.53666946215725,90,2026-04-13 17:08:44,1,
SIM035,0.0322688782909076,1.87355060139844,4.00424427616883,0.416509650397118,0.152935759028375,0.308061436485893,W:\Formal\Vivaldi\DATA\results\vivaldi_sweep_20260413_155533\SIM035_S11.csv,W:\Formal\Vivaldi\DATA\results\vivaldi_sweep_20260413_155533\SIM035_S11_clean.csv,W:\Formal\Vivaldi\DATA\results\vivaldi_sweep_20260413_155533\SIM035_Gain.csv,W:\Formal\Vivaldi\DATA\results\vivaldi_sweep_20260413_155533\SIM035_Gain_clean.csv,-15.8381436228327,17.685,8.09233600957211,90,2026-04-13 17:10:11,1,
SIM036,0.0297913001710697,1.71332442107125,3.78599181481751,0.373571360719561,0.131904713378239,0.275110172961814,W:\Formal\Vivaldi\DATA\results\vivaldi_sweep_20260413_155533\SIM036_S11.csv,W:\Formal\Vivaldi\DATA\results\vivaldi_sweep_20260413_155533\SIM036_S11_clean.csv,W:\Formal\Vivaldi\DATA\results\vivaldi_sweep_20260413_155533\SIM036_Gain.csv,W:\Formal\Vivaldi\DATA\results\vivaldi_sweep_20260413_155533\SIM036_Gain_clean.csv,-47.011996227752,16.255,7.81426996478711,90,2026-04-13 17:11:46,1,
SIM037,0.0279741302573006,1.79841859822001,3.9897163532792,0.329770510718392,0.135647944806726,0.4497606524339,W:\Formal\Vivaldi\DATA\results\vivaldi_sweep_20260413_155533\SIM037_S11.csv,W:\Formal\Vivaldi\DATA\results\vivaldi_sweep_20260413_155533\SIM037_S11_clean.csv,W:\Formal\Vivaldi\DATA\results\vivaldi_sweep_20260413_155533\SIM037_Gain.csv,W:\Formal\Vivaldi\DATA\results\vivaldi_sweep_20260413_155533\SIM037_Gain_clean.csv,-15.9079815196798,9.235,7.99992912946607,90,2026-04-13 17:14:18,1,
SIM038,0.0198710021182919,1.98192158354451,3.91084030013616,0.368047447186661,0.129141474871709,0.395832079894695,W:\Formal\Vivaldi\DATA\results\vivaldi_sweep_20260413_155533\SIM038_S11.csv,W:\Formal\Vivaldi\DATA\results\vivaldi_sweep_20260413_155533\SIM038_S11_clean.csv,W:\Formal\Vivaldi\DATA\results\vivaldi_sweep_20260413_155533\SIM038_Gain.csv,W:\Formal\Vivaldi\DATA\results\vivaldi_sweep_20260413_155533\SIM038_Gain_clean.csv,-24.170181798753,11.575,7.99204015450478,90,2026-04-13 17:16:10,1,
SIM039,0.031092947672823,1.90188899670868,3.63747909938011,0.376454625175182,0.122822559241689,0.314560747716229,W:\Formal\Vivaldi\DATA\results\vivaldi_sweep_20260413_155533\SIM039_S11.csv,W:\Formal\Vivaldi\DATA\results\vivaldi_sweep_20260413_155533\SIM039_S11_clean.csv,W:\Formal\Vivaldi\DATA\results\vivaldi_sweep_20260413_155533\SIM039_Gain.csv,W:\Formal\Vivaldi\DATA\results\vivaldi_sweep_20260413_155533\SIM039_Gain_clean.csv,-36.1887843173154,14.89,7.74968649365812,90,2026-04-13 17:17:50,1,
SIM040,0.0335424341340904,2.02408607073385,3.95302807780229,0.346802494086285,0.126885348864344,0.349761942675822,W:\Formal\Vivaldi\DATA\results\vivaldi_sweep_20260413_155533\SIM040_S11.csv,W:\Formal\Vivaldi\DATA\results\vivaldi_sweep_20260413_155533\SIM040_S11_clean.csv,W:\Formal\Vivaldi\DATA\results\vivaldi_sweep_20260413_155533\SIM040_Gain.csv,W:\Formal\Vivaldi\DATA\results\vivaldi_sweep_20260413_155533\SIM040_Gain_clean.csv,-26.255007765909,20.415,8.07909971284445,90,2026-04-13 17:19:01,1,
SIM041,0.0306538653040366,1.82671147148007,3.52943244783338,0.41461603532441,0.129900229741607,0.297476911701271,W:\Formal\Vivaldi\DATA\results\vivaldi_sweep_20260413_155533\SIM041_S11.csv,W:\Formal\Vivaldi\DATA\results\vivaldi_sweep_20260413_155533\SIM041_S11_clean.csv,W:\Formal\Vivaldi\DATA\results\vivaldi_sweep_20260413_155533\SIM041_Gain.csv,W:\Formal\Vivaldi\DATA\results\vivaldi_sweep_20260413_155533\SIM041_Gain_clean.csv,-33.4633393751946,15.345,7.61109481614437,90,2026-04-13 17:21:50,1,
SIM042,0.0152315364010261,1.94928164642267,4.0948355740638,0.312531411245521,0.118191638616295,0.389999715966906,W:\Formal\Vivaldi\DATA\results\vivaldi_sweep_20260413_155533\SIM042_S11.csv,W:\Formal\Vivaldi\DATA\results\vivaldi_sweep_20260413_155533\SIM042_S11_clean.csv,W:\Formal\Vivaldi\DATA\results\vivaldi_sweep_20260413_155533\SIM042_Gain.csv,W:\Formal\Vivaldi\DATA\results\vivaldi_sweep_20260413_155533\SIM042_Gain_clean.csv,-29.654625004324,11.25,8.10266588084811,90,2026-04-13 17:24:40,1,
SIM043,0.0281241037460825,1.88869178123444,3.45142664169534,0.290856698735833,0.145091883226313,0.31163602071244,W:\Formal\Vivaldi\DATA\results\vivaldi_sweep_20260413_155533\SIM043_S11.csv,W:\Formal\Vivaldi\DATA\results\vivaldi_sweep_20260413_155533\SIM043_S11_clean.csv,W:\Formal\Vivaldi\DATA\results\vivaldi_sweep_20260413_155533\SIM043_Gain.csv,W:\Formal\Vivaldi\DATA\results\vivaldi_sweep_20260413_155533\SIM043_Gain_clean.csv,-26.7048877638427,15.67,7.58308936656653,90,2026-04-13 17:26:38,1,
SIM044,0.0281566251716275,1.86013159534709,3.71581012811823,0.313601135406477,0.125876658719065,0.259550693491306,W:\Formal\Vivaldi\DATA\results\vivaldi_sweep_20260413_155533\SIM044_S11.csv,W:\Formal\Vivaldi\DATA\results\vivaldi_sweep_20260413_155533\SIM044_S11_clean.csv,W:\Formal\Vivaldi\DATA\results\vivaldi_sweep_20260413_155533\SIM044_Gain.csv,W:\Formal\Vivaldi\DATA\results\vivaldi_sweep_20260413_155533\SIM044_Gain_clean.csv,-25.5027223609939,16.255,7.78478008350052,90,2026-04-13 17:28:18,1,
SIM045,0.037426798921056,1.94056772709722,3.87520407272543,0.300517602182844,0.147629554623257,0.254829243389618,W:\Formal\Vivaldi\DATA\results\vivaldi_sweep_20260413_155533\SIM045_S11.csv,W:\Formal\Vivaldi\DATA\results\vivaldi_sweep_20260413_155533\SIM045_S11_clean.csv,W:\Formal\Vivaldi\DATA\results\vivaldi_sweep_20260413_155533\SIM045_Gain.csv,W:\Formal\Vivaldi\DATA\results\vivaldi_sweep_20260413_155533\SIM045_Gain_clean.csv,-35.8376856210255,16.58,7.9976414345114,90,2026-04-13 17:29:38,1,
SIM046,0.0177320432678852,1.73162242609363,3.69139173360329,0.331496251438719,0.126455137930892,0.27256644018149,W:\Formal\Vivaldi\DATA\results\vivaldi_sweep_20260413_155533\SIM046_S11.csv,W:\Formal\Vivaldi\DATA\results\vivaldi_sweep_20260413_155533\SIM046_S11_clean.csv,W:\Formal\Vivaldi\DATA\results\vivaldi_sweep_20260413_155533\SIM046_Gain.csv,W:\Formal\Vivaldi\DATA\results\vivaldi_sweep_20260413_155533\SIM046_Gain_clean.csv,-27.5061972085767,12.81,7.6764277217206,90,2026-04-13 17:31:46,1,
SIM047,0.0183468551407061,1.95270211722657,3.7515878991034,0.288004490898065,0.151906681972805,0.269571017805242,W:\Formal\Vivaldi\DATA\results\vivaldi_sweep_20260413_155533\SIM047_S11.csv,W:\Formal\Vivaldi\DATA\results\vivaldi_sweep_20260413_155533\SIM047_S11_clean.csv,W:\Formal\Vivaldi\DATA\results\vivaldi_sweep_20260413_155533\SIM047_Gain.csv,W:\Formal\Vivaldi\DATA\results\vivaldi_sweep_20260413_155533\SIM047_Gain_clean.csv,-29.042795551785,14.565,7.79104397523084,90,2026-04-13 17:33:33,1,
SIM048,0.0249860711364446,1.80203418486926,4.07003131959854,0.35524597844477,0.131056008075486,0.250858379456038,W:\Formal\Vivaldi\DATA\results\vivaldi_sweep_20260413_155533\SIM048_S11.csv,W:\Formal\Vivaldi\DATA\results\vivaldi_sweep_20260413_155533\SIM048_S11_clean.csv,W:\Formal\Vivaldi\DATA\results\vivaldi_sweep_20260413_155533\SIM048_Gain.csv,W:\Formal\Vivaldi\DATA\results\vivaldi_sweep_20260413_155533\SIM048_Gain_clean.csv,-51.0481726377823,14.435,8.10930685262858,90,2026-04-13 17:35:24,1,
SIM049,0.02040942825765,1.72337685760883,3.55032363378401,0.390410675132514,0.139773736711191,0.358927399843298,W:\Formal\Vivaldi\DATA\results\vivaldi_sweep_20260413_155533\SIM049_S11.csv,W:\Formal\Vivaldi\DATA\results\vivaldi_sweep_20260413_155533\SIM049_S11_clean.csv,W:\Formal\Vivaldi\DATA\results\vivaldi_sweep_20260413_155533\SIM049_Gain.csv,W:\Formal\Vivaldi\DATA\results\vivaldi_sweep_20260413_155533\SIM049_Gain_clean.csv,-26.5033365393735,14.695,7.56941318005377,90,2026-04-13 17:37:17,1,
SIM050,0.0258478594726533,2.05505516519692,3.92293449638204,0.335587370739902,0.141421754474643,0.436741906877945,W:\Formal\Vivaldi\DATA\results\vivaldi_sweep_20260413_155533\SIM050_S11.csv,W:\Formal\Vivaldi\DATA\results\vivaldi_sweep_20260413_155533\SIM050_S11_clean.csv,W:\Formal\Vivaldi\DATA\results\vivaldi_sweep_20260413_155533\SIM050_Gain.csv,W:\Formal\Vivaldi\DATA\results\vivaldi_sweep_20260413_155533\SIM050_Gain_clean.csv,-16.0029016932556,9.625,8.04013484092545,90,2026-04-13 17:39:24,1,
SIM051,0.0236302560434277,1.8474063516795,3.54624344291831,0.391048848604565,0.136148687903402,0.354999465196342,W:\Formal\Vivaldi\DATA\results\vivaldi_sweep_20260413_155533\SIM051_S11.csv,W:\Formal\Vivaldi\DATA\results\vivaldi_sweep_20260413_155533\SIM051_S11_clean.csv,W:\Formal\Vivaldi\DATA\results\vivaldi_sweep_20260413_155533\SIM051_Gain.csv,W:\Formal\Vivaldi\DATA\results\vivaldi_sweep_20260413_155533\SIM051_Gain_clean.csv,-26.2013018028533,14.825,7.60111855411435,90,2026-04-13 17:41:29,1,
SIM052,0.0395271886901044,1.86848503938872,3.95744061948797,0.306856908818941,0.117485738045798,0.334765457763451,W:\Formal\Vivaldi\DATA\results\vivaldi_sweep_20260413_155533\SIM052_S11.csv,W:\Formal\Vivaldi\DATA\results\vivaldi_sweep_20260413_155533\SIM052_S11_clean.csv,W:\Formal\Vivaldi\DATA\results\vivaldi_sweep_20260413_155533\SIM052_Gain.csv,W:\Formal\Vivaldi\DATA\results\vivaldi_sweep_20260413_155533\SIM052_Gain_clean.csv,-32.3548964783199,21,8.0553892262706,90,2026-04-13 17:43:10,1,
SIM053,0.0359473933906678,2.0371901354204,3.99616208755724,0.29208433971936,0.126354861204659,0.443263635442351,W:\Formal\Vivaldi\DATA\results\vivaldi_sweep_20260413_155533\SIM053_S11.csv,W:\Formal\Vivaldi\DATA\results\vivaldi_sweep_20260413_155533\SIM053_S11_clean.csv,W:\Formal\Vivaldi\DATA\results\vivaldi_sweep_20260413_155533\SIM053_Gain.csv,W:\Formal\Vivaldi\DATA\results\vivaldi_sweep_20260413_155533\SIM053_Gain_clean.csv,-13.541553248077,8,8.09234001412339,90,2026-04-13 17:46:52,1,
SIM054,0.0147774291264926,2.01618106108791,3.69974350807353,0.324164464698588,0.115706525048017,0.413444171847202,W:\Formal\Vivaldi\DATA\results\vivaldi_sweep_20260413_155533\SIM054_S11.csv,W:\Formal\Vivaldi\DATA\results\vivaldi_sweep_20260413_155533\SIM054_S11_clean.csv,W:\Formal\Vivaldi\DATA\results\vivaldi_sweep_20260413_155533\SIM054_Gain.csv,W:\Formal\Vivaldi\DATA\results\vivaldi_sweep_20260413_155533\SIM054_Gain_clean.csv,-44.287548473092,9.82,7.7386790379309,90,2026-04-13 17:48:33,1,
SIM055,0.0384588690354583,1.81440450914027,3.91788147564145,0.406154715186023,0.131719321401615,0.419943884663106,W:\Formal\Vivaldi\DATA\results\vivaldi_sweep_20260413_155533\SIM055_S11.csv,W:\Formal\Vivaldi\DATA\results\vivaldi_sweep_20260413_155533\SIM055_S11_clean.csv,W:\Formal\Vivaldi\DATA\results\vivaldi_sweep_20260413_155533\SIM055_Gain.csv,W:\Formal\Vivaldi\DATA\results\vivaldi_sweep_20260413_155533\SIM055_Gain_clean.csv,-13.8574157294198,11.575,8.01085140006351,90,2026-04-13 17:51:07,1,
SIM056,0.0288254172715157,1.78262353337862,3.7463234418146,0.342971911770845,0.152498724847128,0.320382597808595,W:\Formal\Vivaldi\DATA\results\vivaldi_sweep_20260413_155533\SIM056_S11.csv,W:\Formal\Vivaldi\DATA\results\vivaldi_sweep_20260413_155533\SIM056_S11_clean.csv,W:\Formal\Vivaldi\DATA\results\vivaldi_sweep_20260413_155533\SIM056_Gain.csv,W:\Formal\Vivaldi\DATA\results\vivaldi_sweep_20260413_155533\SIM056_Gain_clean.csv,-23.6752416832043,16.58,7.80779544484496,90,2026-04-13 17:52:50,1,
SIM057,0.0307365819830831,1.78523538884831,3.83074082558186,0.371397897716205,0.134710803380877,0.309700757796242,W:\Formal\Vivaldi\DATA\results\vivaldi_sweep_20260413_155533\SIM057_S11.csv,W:\Formal\Vivaldi\DATA\results\vivaldi_sweep_20260413_155533\SIM057_S11_clean.csv,W:\Formal\Vivaldi\DATA\results\vivaldi_sweep_20260413_155533\SIM057_Gain.csv,W:\Formal\Vivaldi\DATA\results\vivaldi_sweep_20260413_155533\SIM057_Gain_clean.csv,-28.133004830566,16.385,7.85311682441446,90,2026-04-13 17:54:45,1,
SIM058,0.0214564314144456,2.00577051957807,4.04639124735726,0.385963230596731,0.117275618926775,0.390999819672373,W:\Formal\Vivaldi\DATA\results\vivaldi_sweep_20260413_155533\SIM058_S11.csv,W:\Formal\Vivaldi\DATA\results\vivaldi_sweep_20260413_155533\SIM058_S11_clean.csv,W:\Formal\Vivaldi\DATA\results\vivaldi_sweep_20260413_155533\SIM058_Gain.csv,W:\Formal\Vivaldi\DATA\results\vivaldi_sweep_20260413_155533\SIM058_Gain_clean.csv,-20.5002109570327,11.38,8.12315847044644,90,2026-04-13 17:56:54,1,
SIM059,0.0119301226592588,1.84973779059231,3.69454392823374,0.309626415713625,0.116413688108257,0.298706926715962,W:\Formal\Vivaldi\DATA\results\vivaldi_sweep_20260413_155533\SIM059_S11.csv,W:\Formal\Vivaldi\DATA\results\vivaldi_sweep_20260413_155533\SIM059_S11_clean.csv,W:\Formal\Vivaldi\DATA\results\vivaldi_sweep_20260413_155533\SIM059_Gain.csv,W:\Formal\Vivaldi\DATA\results\vivaldi_sweep_20260413_155533\SIM059_Gain_clean.csv,-21.1658517710277,13.07,7.67941776597875,96,2026-04-13 17:58:13,1,
SIM060,0.0368222340105712,2.01263383769187,3.42638696884077,0.341753115011586,0.144621718396561,0.352649064744258,W:\Formal\Vivaldi\DATA\results\vivaldi_sweep_20260413_155533\SIM060_S11.csv,W:\Formal\Vivaldi\DATA\results\vivaldi_sweep_20260413_155533\SIM060_S11_clean.csv,W:\Formal\Vivaldi\DATA\results\vivaldi_sweep_20260413_155533\SIM060_Gain.csv,W:\Formal\Vivaldi\DATA\results\vivaldi_sweep_20260413_155533\SIM060_Gain_clean.csv,-20.372909865085,21,7.56987644561464,90,2026-04-13 17:59:38,1,
SIM061,0.0321032774137002,1.93567625619796,4.06409405389883,0.383319247951969,0.141086783774191,0.36796512698039,W:\Formal\Vivaldi\DATA\results\vivaldi_sweep_20260413_155533\SIM061_S11.csv,W:\Formal\Vivaldi\DATA\results\vivaldi_sweep_20260413_155533\SIM061_S11_clean.csv,W:\Formal\Vivaldi\DATA\results\vivaldi_sweep_20260413_155533\SIM061_Gain.csv,W:\Formal\Vivaldi\DATA\results\vivaldi_sweep_20260413_155533\SIM061_Gain_clean.csv,-22.4637627146862,21,8.17036083679845,90,2026-04-13 18:01:19,1,
SIM062,0.0391485899814365,1.74444948958333,3.70526411211305,0.401504647744287,0.139551653276251,0.2654896539495,W:\Formal\Vivaldi\DATA\results\vivaldi_sweep_20260413_155533\SIM062_S11.csv,W:\Formal\Vivaldi\DATA\results\vivaldi_sweep_20260413_155533\SIM062_S11_clean.csv,W:\Formal\Vivaldi\DATA\results\vivaldi_sweep_20260413_155533\SIM062_Gain.csv,W:\Formal\Vivaldi\DATA\results\vivaldi_sweep_20260413_155533\SIM062_Gain_clean.csv,-43.6645470399456,16.645,7.76577186733665,90,2026-04-13 18:03:04,1,
SIM063,0.0120890602713634,1.77293072213954,3.67872895404909,0.361852759386731,0.147986514928482,0.33893242913249,W:\Formal\Vivaldi\DATA\results\vivaldi_sweep_20260413_155533\SIM063_S11.csv,W:\Formal\Vivaldi\DATA\results\vivaldi_sweep_20260413_155533\SIM063_S11_clean.csv,W:\Formal\Vivaldi\DATA\results\vivaldi_sweep_20260413_155533\SIM063_Gain.csv,W:\Formal\Vivaldi\DATA\results\vivaldi_sweep_20260413_155533\SIM063_Gain_clean.csv,-27.2279237229161,12.16,7.61173876023906,90,2026-04-13 18:04:55,1,
SIM064,0.0128036213425732,1.8428995368317,3.65197002786768,0.280117545323277,0.140188011111013,0.304634290706222,W:\Formal\Vivaldi\DATA\results\vivaldi_sweep_20260413_155533\SIM064_S11.csv,W:\Formal\Vivaldi\DATA\results\vivaldi_sweep_20260413_155533\SIM064_S11_clean.csv,W:\Formal\Vivaldi\DATA\results\vivaldi_sweep_20260413_155533\SIM064_Gain.csv,W:\Formal\Vivaldi\DATA\results\vivaldi_sweep_20260413_155533\SIM064_Gain_clean.csv,-42.8825732323556,12.615,7.60245977929075,88,2026-04-13 18:06:50,1,
SIM065,0.0317206773697662,1.80731316824564,3.44818265904653,0.392085927065022,0.130123272300502,0.397946207705267,W:\Formal\Vivaldi\DATA\results\vivaldi_sweep_20260413_155533\SIM065_S11.csv,W:\Formal\Vivaldi\DATA\results\vivaldi_sweep_20260413_155533\SIM065_S11_clean.csv,W:\Formal\Vivaldi\DATA\results\vivaldi_sweep_20260413_155533\SIM065_Gain.csv,W:\Formal\Vivaldi\DATA\results\vivaldi_sweep_20260413_155533\SIM065_Gain_clean.csv,-18.0077369496758,12.68,7.53883591320611,90,2026-04-13 18:09:09,1,
SIM066,0.0351421360368217,1.83243320285505,3.48057060967234,0.391629423980596,0.134585278241411,0.368964880852201,W:\Formal\Vivaldi\DATA\results\vivaldi_sweep_20260413_155533\SIM066_S11.csv,W:\Formal\Vivaldi\DATA\results\vivaldi_sweep_20260413_155533\SIM066_S11_clean.csv,W:\Formal\Vivaldi\DATA\results\vivaldi_sweep_20260413_155533\SIM066_Gain.csv,W:\Formal\Vivaldi\DATA\results\vivaldi_sweep_20260413_155533\SIM066_Gain_clean.csv,-19.2370057443443,15.345,7.59412981164513,90,2026-04-13 18:11:18,1,
SIM067,0.026934943596555,1.73824991811884,3.6907420732147,0.364580307022186,0.143349220120143,0.260927303880197,W:\Formal\Vivaldi\DATA\results\vivaldi_sweep_20260413_155533\SIM067_S11.csv,W:\Formal\Vivaldi\DATA\results\vivaldi_sweep_20260413_155533\SIM067_S11_clean.csv,W:\Formal\Vivaldi\DATA\results\vivaldi_sweep_20260413_155533\SIM067_Gain.csv,W:\Formal\Vivaldi\DATA\results\vivaldi_sweep_20260413_155533\SIM067_Gain_clean.csv,-35.4922684423329,16.32,7.71470803095174,90,2026-04-13 18:13:23,1,
SIM068,0.0343356635700996,1.77077634109957,3.972171648496,0.385196000535227,0.154080276075434,0.277609049353889,W:\Formal\Vivaldi\DATA\results\vivaldi_sweep_20260413_155533\SIM068_S11.csv,W:\Formal\Vivaldi\DATA\results\vivaldi_sweep_20260413_155533\SIM068_S11_clean.csv,W:\Formal\Vivaldi\DATA\results\vivaldi_sweep_20260413_155533\SIM068_Gain.csv,W:\Formal\Vivaldi\DATA\results\vivaldi_sweep_20260413_155533\SIM068_Gain_clean.csv,-30.1793485050929,16.58,8.02497413820432,90,2026-04-13 18:15:23,1,
SIM069,0.0143760867600268,2.00066225035631,3.39389661775434,0.370509458901821,0.138088397899999,0.301328333804348,W:\Formal\Vivaldi\DATA\results\vivaldi_sweep_20260413_155533\SIM069_S11.csv,W:\Formal\Vivaldi\DATA\results\vivaldi_sweep_20260413_155533\SIM069_S11_clean.csv,W:\Formal\Vivaldi\DATA\results\vivaldi_sweep_20260413_155533\SIM069_Gain.csv,W:\Formal\Vivaldi\DATA\results\vivaldi_sweep_20260413_155533\SIM069_Gain_clean.csv,-52.0747662940082,14.76,7.45449333264055,90,2026-04-13 18:17:16,1,
SIM070,0.0260943682219291,2.05633282330654,3.68622453346298,0.310408934492975,0.154998510769084,0.291348029821786,W:\Formal\Vivaldi\DATA\results\vivaldi_sweep_20260413_155533\SIM070_S11.csv,W:\Formal\Vivaldi\DATA\results\vivaldi_sweep_20260413_155533\SIM070_S11_clean.csv,W:\Formal\Vivaldi\DATA\results\vivaldi_sweep_20260413_155533\SIM070_Gain.csv,W:\Formal\Vivaldi\DATA\results\vivaldi_sweep_20260413_155533\SIM070_Gain_clean.csv,-52.8425087226258,14.825,7.77629523211821,90,2026-04-13 18:18:51,1,
SIM071,0.0195662296690463,1.77922927122424,3.4943979764237,0.404273732640856,0.144157850939871,0.284253633216895,W:\Formal\Vivaldi\DATA\results\vivaldi_sweep_20260413_155533\SIM071_S11.csv,W:\Formal\Vivaldi\DATA\results\vivaldi_sweep_20260413_155533\SIM071_S11_clean.csv,W:\Formal\Vivaldi\DATA\results\vivaldi_sweep_20260413_155533\SIM071_Gain.csv,W:\Formal\Vivaldi\DATA\results\vivaldi_sweep_20260413_155533\SIM071_Gain_clean.csv,-36.5876467373171,13.265,7.50825922146992,90,2026-04-13 18:21:28,1,
SIM072,0.0172955800079874,2.05222802742451,4.11906215058224,0.321929259245445,0.121199582001133,0.307035449199797,W:\Formal\Vivaldi\DATA\results\vivaldi_sweep_20260413_155533\SIM072_S11.csv,W:\Formal\Vivaldi\DATA\results\vivaldi_sweep_20260413_155533\SIM072_S11_clean.csv,W:\Formal\Vivaldi\DATA\results\vivaldi_sweep_20260413_155533\SIM072_Gain.csv,W:\Formal\Vivaldi\DATA\results\vivaldi_sweep_20260413_155533\SIM072_Gain_clean.csv,-27.807934588467,11.9,8.1378329585095,90,2026-04-13 18:23:01,1,
SIM073,0.0161163952177225,1.92597266507344,3.9318005229019,0.291819897935642,0.144404204691453,0.302725339936045,W:\Formal\Vivaldi\DATA\results\vivaldi_sweep_20260413_155533\SIM073_S11.csv,W:\Formal\Vivaldi\DATA\results\vivaldi_sweep_20260413_155533\SIM073_S11_clean.csv,W:\Formal\Vivaldi\DATA\results\vivaldi_sweep_20260413_155533\SIM073_Gain.csv,W:\Formal\Vivaldi\DATA\results\vivaldi_sweep_20260413_155533\SIM073_Gain_clean.csv,-36.8812229259092,14.175,7.93959084493961,90,2026-04-13 18:25:17,1,
SIM074,0.0130966892229285,1.80366563102167,3.98290666816891,0.328487710548535,0.143606575078602,0.344218255724583,W:\Formal\Vivaldi\DATA\results\vivaldi_sweep_20260413_155533\SIM074_S11.csv,W:\Formal\Vivaldi\DATA\results\vivaldi_sweep_20260413_155533\SIM074_S11_clean.csv,W:\Formal\Vivaldi\DATA\results\vivaldi_sweep_20260413_155533\SIM074_Gain.csv,W:\Formal\Vivaldi\DATA\results\vivaldi_sweep_20260413_155533\SIM074_Gain_clean.csv,-32.0408594279252,11.965,7.93646084548466,90,2026-04-13 18:26:45,1,
SIM075,0.0341489391303987,1.89190433318391,3.46026390815663,0.322121246999516,0.141214249546563,0.35647226838809,W:\Formal\Vivaldi\DATA\results\vivaldi_sweep_20260413_155533\SIM075_S11.csv,W:\Formal\Vivaldi\DATA\results\vivaldi_sweep_20260413_155533\SIM075_S11_clean.csv,W:\Formal\Vivaldi\DATA\results\vivaldi_sweep_20260413_155533\SIM075_Gain.csv,W:\Formal\Vivaldi\DATA\results\vivaldi_sweep_20260413_155533\SIM075_Gain_clean.csv,-25.5804559267522,21,7.579138074952,92,2026-04-13 18:28:00,1,
SIM076,0.0223818657876814,1.79428084415341,3.94361125788361,0.37554733907136,0.128706780916683,0.403033947107576,W:\Formal\Vivaldi\DATA\results\vivaldi_sweep_20260413_155533\SIM076_S11.csv,W:\Formal\Vivaldi\DATA\results\vivaldi_sweep_20260413_155533\SIM076_S11_clean.csv,W:\Formal\Vivaldi\DATA\results\vivaldi_sweep_20260413_155533\SIM076_Gain.csv,W:\Formal\Vivaldi\DATA\results\vivaldi_sweep_20260413_155533\SIM076_Gain_clean.csv,-21.4378449190396,11.445,7.97502621987197,90,2026-04-13 18:30:31,1,
SIM077,0.0277329165102581,1.96227626733692,3.52090224267601,0.358753806239191,0.125655051169376,0.287561280937332,W:\Formal\Vivaldi\DATA\results\vivaldi_sweep_20260413_155533\SIM077_S11.csv,W:\Formal\Vivaldi\DATA\results\vivaldi_sweep_20260413_155533\SIM077_S11_clean.csv,W:\Formal\Vivaldi\DATA\results\vivaldi_sweep_20260413_155533\SIM077_Gain.csv,W:\Formal\Vivaldi\DATA\results\vivaldi_sweep_20260413_155533\SIM077_Gain_clean.csv,-26.0852528465103,15.02,7.62024790199859,90,2026-04-13 18:32:12,1,
SIM078,0.0318695791525618,1.77705449173212,3.63035217630804,0.287528759525654,0.119948817890567,0.440648723899818,W:\Formal\Vivaldi\DATA\results\vivaldi_sweep_20260413_155533\SIM078_S11.csv,W:\Formal\Vivaldi\DATA\results\vivaldi_sweep_20260413_155533\SIM078_S11_clean.csv,W:\Formal\Vivaldi\DATA\results\vivaldi_sweep_20260413_155533\SIM078_Gain.csv,W:\Formal\Vivaldi\DATA\results\vivaldi_sweep_20260413_155533\SIM078_Gain_clean.csv,-16.0505446754361,9.495,7.6759221458511,90,2026-04-13 18:34:32,1,
SIM079,0.0272460679799763,1.86656183368695,3.96421406927817,0.334484807285758,0.135813692226663,0.278210324300103,W:\Formal\Vivaldi\DATA\results\vivaldi_sweep_20260413_155533\SIM079_S11.csv,W:\Formal\Vivaldi\DATA\results\vivaldi_sweep_20260413_155533\SIM079_S11_clean.csv,W:\Formal\Vivaldi\DATA\results\vivaldi_sweep_20260413_155533\SIM079_Gain.csv,W:\Formal\Vivaldi\DATA\results\vivaldi_sweep_20260413_155533\SIM079_Gain_clean.csv,-36.1373794094281,16.19,8.02563942229755,90,2026-04-13 18:36:15,1,
SIM080,0.0106542845805311,1.81934962944504,3.89036361895222,0.31856678692487,0.134130496983742,0.428970895166767,W:\Formal\Vivaldi\DATA\results\vivaldi_sweep_20260413_155533\SIM080_S11.csv,W:\Formal\Vivaldi\DATA\results\vivaldi_sweep_20260413_155533\SIM080_S11_clean.csv,W:\Formal\Vivaldi\DATA\results\vivaldi_sweep_20260413_155533\SIM080_Gain.csv,W:\Formal\Vivaldi\DATA\results\vivaldi_sweep_20260413_155533\SIM080_Gain_clean.csv,-30.1197591410161,11.185,7.81009605114318,90,2026-04-13 18:39:14,1,
SIM081,0.0115030231642879,1.9731048898389,3.89829334182956,0.415496106328714,0.138777316723013,0.437789756327901,W:\Formal\Vivaldi\DATA\results\vivaldi_sweep_20260413_155533\SIM081_S11.csv,W:\Formal\Vivaldi\DATA\results\vivaldi_sweep_20260413_155533\SIM081_S11_clean.csv,W:\Formal\Vivaldi\DATA\results\vivaldi_sweep_20260413_155533\SIM081_Gain.csv,W:\Formal\Vivaldi\DATA\results\vivaldi_sweep_20260413_155533\SIM081_Gain_clean.csv,-44.7949213195346,11.185,7.85644053089286,90,2026-04-13 18:41:42,1,
SIM082,0.0245431985337027,2.04351498779257,3.55814749417164,0.307627428548827,0.13697512850133,0.324208512882902,W:\Formal\Vivaldi\DATA\results\vivaldi_sweep_20260413_155533\SIM082_S11.csv,W:\Formal\Vivaldi\DATA\results\vivaldi_sweep_20260413_155533\SIM082_S11_clean.csv,W:\Formal\Vivaldi\DATA\results\vivaldi_sweep_20260413_155533\SIM082_Gain.csv,W:\Formal\Vivaldi\DATA\results\vivaldi_sweep_20260413_155533\SIM082_Gain_clean.csv,-39.0758391131682,14.89,7.65582026460985,90,2026-04-13 18:43:19,1,
SIM083,0.0286498047309584,1.87496488836667,3.59009599364049,0.304877965057128,0.12472784038532,0.33576126253164,W:\Formal\Vivaldi\DATA\results\vivaldi_sweep_20260413_155533\SIM083_S11.csv,W:\Formal\Vivaldi\DATA\results\vivaldi_sweep_20260413_155533\SIM083_S11_clean.csv,W:\Formal\Vivaldi\DATA\results\vivaldi_sweep_20260413_155533\SIM083_Gain.csv,W:\Formal\Vivaldi\DATA\results\vivaldi_sweep_20260413_155533\SIM083_Gain_clean.csv,-25.7064388150652,14.825,7.66758821404369,90,2026-04-13 18:45:16,1,
SIM084,0.0169761845260572,1.82468790538115,3.39953848718466,0.403286156886052,0.120291187095693,0.316520303567421,W:\Formal\Vivaldi\DATA\results\vivaldi_sweep_20260413_155533\SIM084_S11.csv,W:\Formal\Vivaldi\DATA\results\vivaldi_sweep_20260413_155533\SIM084_S11_clean.csv,W:\Formal\Vivaldi\DATA\results\vivaldi_sweep_20260413_155533\SIM084_Gain.csv,W:\Formal\Vivaldi\DATA\results\vivaldi_sweep_20260413_155533\SIM084_Gain_clean.csv,-24.2732259011551,14.63,7.43417304718488,90,2026-04-13 18:48:00,1,
SIM085,0.0200316659145128,2.01776611592141,3.955289275433,0.319801898952268,0.130672735009455,0.329866687191958,W:\Formal\Vivaldi\DATA\results\vivaldi_sweep_20260413_155533\SIM085_S11.csv,W:\Formal\Vivaldi\DATA\results\vivaldi_sweep_20260413_155533\SIM085_S11_clean.csv,W:\Formal\Vivaldi\DATA\results\vivaldi_sweep_20260413_155533\SIM085_Gain.csv,W:\Formal\Vivaldi\DATA\results\vivaldi_sweep_20260413_155533\SIM085_Gain_clean.csv,-32.9824673214623,13.98,8.02762486710624,90,2026-04-13 18:50:19,1,
SIM086,0.0105912038894726,1.72622785837891,4.10224119545194,0.395064190566827,0.143131106843409,0.387285867461343,W:\Formal\Vivaldi\DATA\results\vivaldi_sweep_20260413_155533\SIM086_S11.csv,W:\Formal\Vivaldi\DATA\results\vivaldi_sweep_20260413_155533\SIM086_S11_clean.csv,W:\Formal\Vivaldi\DATA\results\vivaldi_sweep_20260413_155533\SIM086_Gain.csv,W:\Formal\Vivaldi\DATA\results\vivaldi_sweep_20260413_155533\SIM086_Gain_clean.csv,-33.5426404817066,12.81,7.96713842121798,90,2026-04-13 18:52:18,1,
SIM087,0.0203154995461434,2.00147486896025,3.64530468347599,0.303471296230108,0.12551675678398,0.256930427143362,W:\Formal\Vivaldi\DATA\results\vivaldi_sweep_20260413_155533\SIM087_S11.csv,W:\Formal\Vivaldi\DATA\results\vivaldi_sweep_20260413_155533\SIM087_S11_clean.csv,W:\Formal\Vivaldi\DATA\results\vivaldi_sweep_20260413_155533\SIM087_Gain.csv,W:\Formal\Vivaldi\DATA\results\vivaldi_sweep_20260413_155533\SIM087_Gain_clean.csv,-22.3892454710261,13.2,7.70864730812163,90,2026-04-13 18:54:41,1,
SIM088,0.0300990217414989,1.99319622200969,3.7763106017749,0.407123663726478,0.148168376776602,0.273940021790686,W:\Formal\Vivaldi\DATA\results\vivaldi_sweep_20260413_155533\SIM088_S11.csv,W:\Formal\Vivaldi\DATA\results\vivaldi_sweep_20260413_155533\SIM088_S11_clean.csv,W:\Formal\Vivaldi\DATA\results\vivaldi_sweep_20260413_155533\SIM088_Gain.csv,W:\Formal\Vivaldi\DATA\results\vivaldi_sweep_20260413_155533\SIM088_Gain_clean.csv,-33.9953660658656,16.385,7.89439873149066,90,2026-04-13 18:56:32,1,
SIM089,0.0225662458836695,2.00366852081957,3.83750007244211,0.362716241285618,0.137938692266813,0.267605740513291,W:\Formal\Vivaldi\DATA\results\vivaldi_sweep_20260413_155533\SIM089_S11.csv,W:\Formal\Vivaldi\DATA\results\vivaldi_sweep_20260413_155533\SIM089_S11_clean.csv,W:\Formal\Vivaldi\DATA\results\vivaldi_sweep_20260413_155533\SIM089_Gain.csv,W:\Formal\Vivaldi\DATA\results\vivaldi_sweep_20260413_155533\SIM089_Gain_clean.csv,-33.4666343492824,14.695,7.93030922686703,90,2026-04-13 18:58:29,1,
SIM090,0.0359669061200546,1.74982618488168,3.51560844963993,0.338068164244594,0.138921082386945,0.433915043309442,W:\Formal\Vivaldi\DATA\results\vivaldi_sweep_20260413_155533\SIM090_S11.csv,W:\Formal\Vivaldi\DATA\results\vivaldi_sweep_20260413_155533\SIM090_S11_clean.csv,W:\Formal\Vivaldi\DATA\results\vivaldi_sweep_20260413_155533\SIM090_Gain.csv,W:\Formal\Vivaldi\DATA\results\vivaldi_sweep_20260413_155533\SIM090_Gain_clean.csv,-13.0171415998319,12.485,7.59678011783959,90,2026-04-13 19:02:44,1,
SIM091,0.0389056885029206,1.98636186268769,3.49864365327378,0.409064457124883,0.119714919980765,0.281515239628815,W:\Formal\Vivaldi\DATA\results\vivaldi_sweep_20260413_155533\SIM091_S11.csv,W:\Formal\Vivaldi\DATA\results\vivaldi_sweep_20260413_155533\SIM091_S11_clean.csv,W:\Formal\Vivaldi\DATA\results\vivaldi_sweep_20260413_155533\SIM091_Gain.csv,W:\Formal\Vivaldi\DATA\results\vivaldi_sweep_20260413_155533\SIM091_Gain_clean.csv,-33.7661196808375,17.165,7.62273355864194,90,2026-04-13 19:04:55,1,
SIM092,0.0124999698617606,2.04575510706995,3.86946165980698,0.294770216619948,0.136538285536485,0.361182338440801,W:\Formal\Vivaldi\DATA\results\vivaldi_sweep_20260413_155533\SIM092_S11.csv,W:\Formal\Vivaldi\DATA\results\vivaldi_sweep_20260413_155533\SIM092_S11_clean.csv,W:\Formal\Vivaldi\DATA\results\vivaldi_sweep_20260413_155533\SIM092_Gain.csv,W:\Formal\Vivaldi\DATA\results\vivaldi_sweep_20260413_155533\SIM092_Gain_clean.csv,-29.0983686744416,11.965,7.87776012511399,90,2026-04-13 19:07:44,1,
SIM093,0.0184042775072522,2.04094286975157,4.07684793945722,0.296288898955566,0.153481332671618,0.346800791404571,W:\Formal\Vivaldi\DATA\results\vivaldi_sweep_20260413_155533\SIM093_S11.csv,W:\Formal\Vivaldi\DATA\results\vivaldi_sweep_20260413_155533\SIM093_S11_clean.csv,W:\Formal\Vivaldi\DATA\results\vivaldi_sweep_20260413_155533\SIM093_Gain.csv,W:\Formal\Vivaldi\DATA\results\vivaldi_sweep_20260413_155533\SIM093_Gain_clean.csv,-23.9044426790431,13.98,8.13444225204783,90,2026-04-13 19:09:48,1,
SIM094,0.0233733845789456,1.93915370750957,3.76838919844316,0.365129707434842,0.144203618324064,0.44248259475291,W:\Formal\Vivaldi\DATA\results\vivaldi_sweep_20260413_155533\SIM094_S11.csv,W:\Formal\Vivaldi\DATA\results\vivaldi_sweep_20260413_155533\SIM094_S11_clean.csv,W:\Formal\Vivaldi\DATA\results\vivaldi_sweep_20260413_155533\SIM094_Gain.csv,W:\Formal\Vivaldi\DATA\results\vivaldi_sweep_20260413_155533\SIM094_Gain_clean.csv,-16.1483792463943,9.69,7.86559728837183,90,2026-04-13 19:12:01,1,
SIM095,0.0292199451420564,1.91979816554988,3.39601167097927,0.318383421474793,0.121721961556096,0.342432568975653,W:\Formal\Vivaldi\DATA\results\vivaldi_sweep_20260413_155533\SIM095_S11.csv,W:\Formal\Vivaldi\DATA\results\vivaldi_sweep_20260413_155533\SIM095_S11_clean.csv,W:\Formal\Vivaldi\DATA\results\vivaldi_sweep_20260413_155533\SIM095_Gain.csv,W:\Formal\Vivaldi\DATA\results\vivaldi_sweep_20260413_155533\SIM095_Gain_clean.csv,-23.751013930574,15.41,7.54061113992517,90,2026-04-13 19:14:00,1,
SIM096,0.0319062014527,1.84475785140139,3.84004029521227,0.369486429754439,0.148411174939192,0.263458936960944,W:\Formal\Vivaldi\DATA\results\vivaldi_sweep_20260413_155533\SIM096_S11.csv,W:\Formal\Vivaldi\DATA\results\vivaldi_sweep_20260413_155533\SIM096_S11_clean.csv,W:\Formal\Vivaldi\DATA\results\vivaldi_sweep_20260413_155533\SIM096_Gain.csv,W:\Formal\Vivaldi\DATA\results\vivaldi_sweep_20260413_155533\SIM096_Gain_clean.csv,-39.4840679584569,16.385,7.93019264727209,90,2026-04-13 19:16:03,1,
SIM097,0.0341564608002463,1.69273179675724,3.48896559721368,0.339903376172893,0.128358511010588,0.255652745770461,W:\Formal\Vivaldi\DATA\results\vivaldi_sweep_20260413_155533\SIM097_S11.csv,W:\Formal\Vivaldi\DATA\results\vivaldi_sweep_20260413_155533\SIM097_S11_clean.csv,W:\Formal\Vivaldi\DATA\results\vivaldi_sweep_20260413_155533\SIM097_Gain.csv,W:\Formal\Vivaldi\DATA\results\vivaldi_sweep_20260413_155533\SIM097_Gain_clean.csv,-31.2446394495891,17.035,7.56824134975652,90,2026-04-13 19:18:24,1,
SIM098,0.0284962709270976,1.78747010903247,3.94876905931179,0.301049805873751,0.133249667248429,0.317580838771335,W:\Formal\Vivaldi\DATA\results\vivaldi_sweep_20260413_155533\SIM098_S11.csv,W:\Formal\Vivaldi\DATA\results\vivaldi_sweep_20260413_155533\SIM098_S11_clean.csv,W:\Formal\Vivaldi\DATA\results\vivaldi_sweep_20260413_155533\SIM098_Gain.csv,W:\Formal\Vivaldi\DATA\results\vivaldi_sweep_20260413_155533\SIM098_Gain_clean.csv,-28.0504668315171,14.175,8.00319412382318,90,2026-04-13 19:20:21,1,
SIM099,0.0386544472744011,1.82360110254105,4.11390737060603,0.345455473683303,0.121500198801017,0.336591522160221,W:\Formal\Vivaldi\DATA\results\vivaldi_sweep_20260413_155533\SIM099_S11.csv,W:\Formal\Vivaldi\DATA\results\vivaldi_sweep_20260413_155533\SIM099_S11_clean.csv,W:\Formal\Vivaldi\DATA\results\vivaldi_sweep_20260413_155533\SIM099_Gain.csv,W:\Formal\Vivaldi\DATA\results\vivaldi_sweep_20260413_155533\SIM099_Gain_clean.csv,-44.2511156929626,21,8.17547352839444,90,2026-04-13 19:22:08,1,
SIM100,0.0227932885263642,2.01882968317149,4.01445776397458,0.375199016624736,0.130364810961343,0.330780829898852,W:\Formal\Vivaldi\DATA\results\vivaldi_sweep_20260413_155533\SIM100_S11.csv,W:\Formal\Vivaldi\DATA\results\vivaldi_sweep_20260413_155533\SIM100_S11_clean.csv,W:\Formal\Vivaldi\DATA\results\vivaldi_sweep_20260413_155533\SIM100_Gain.csv,W:\Formal\Vivaldi\DATA\results\vivaldi_sweep_20260413_155533\SIM100_Gain_clean.csv,-33.0423699795593,13.85,8.09622018243278,90,2026-04-13 19:24:01,1,
SIM101,0.0194024308795073,1.68020836549492,3.45692273878543,0.280768036252115,0.13050111465144,0.366546754575991,W:\Formal\Vivaldi\DATA\results\vivaldi_sweep_20260413_155533\SIM101_S11.csv,W:\Formal\Vivaldi\DATA\results\vivaldi_sweep_20260413_155533\SIM101_S11_clean.csv,W:\Formal\Vivaldi\DATA\results\vivaldi_sweep_20260413_155533\SIM101_Gain.csv,W:\Formal\Vivaldi\DATA\results\vivaldi_sweep_20260413_155533\SIM101_Gain_clean.csv,-30.718338913951,12.485,7.46860732400197,90,2026-04-13 19:26:19,1,
SIM102,0.0339124136620549,1.90346072680529,4.05637073665807,0.387701468609422,0.14964593288993,0.276829764786366,W:\Formal\Vivaldi\DATA\results\vivaldi_sweep_20260413_155533\SIM102_S11.csv,W:\Formal\Vivaldi\DATA\results\vivaldi_sweep_20260413_155533\SIM102_S11_clean.csv,W:\Formal\Vivaldi\DATA\results\vivaldi_sweep_20260413_155533\SIM102_Gain.csv,W:\Formal\Vivaldi\DATA\results\vivaldi_sweep_20260413_155533\SIM102_Gain_clean.csv,-40.6922646062018,16.58,8.13849347101659,90,2026-04-13 19:28:50,1,
SIM103,0.0355190061924751,1.81646520442799,3.59461047660257,0.28438676295803,0.120475631271755,0.416965087761003,W:\Formal\Vivaldi\DATA\results\vivaldi_sweep_20260413_155533\SIM103_S11.csv,W:\Formal\Vivaldi\DATA\results\vivaldi_sweep_20260413_155533\SIM103_S11_clean.csv,W:\Formal\Vivaldi\DATA\results\vivaldi_sweep_20260413_155533\SIM103_Gain.csv,W:\Formal\Vivaldi\DATA\results\vivaldi_sweep_20260413_155533\SIM103_Gain_clean.csv,-15.3345325036119,12.29,7.66969726331556,90,2026-04-13 19:33:08,1,
SIM104,0.0398944921502553,2.05941971440484,3.46892201061169,0.416413180779557,0.132990834178528,0.438256850875091,W:\Formal\Vivaldi\DATA\results\vivaldi_sweep_20260413_155533\SIM104_S11.csv,W:\Formal\Vivaldi\DATA\results\vivaldi_sweep_20260413_155533\SIM104_S11_clean.csv,W:\Formal\Vivaldi\DATA\results\vivaldi_sweep_20260413_155533\SIM104_Gain.csv,W:\Formal\Vivaldi\DATA\results\vivaldi_sweep_20260413_155533\SIM104_Gain_clean.csv,-12.4220972764626,12.745,7.61858551902865,90,2026-04-13 19:35:52,1,
SIM105,0.0191158736878198,1.94509908853496,3.62250223151046,0.384076604638488,0.153866003673781,0.400547619824983,W:\Formal\Vivaldi\DATA\results\vivaldi_sweep_20260413_155533\SIM105_S11.csv,W:\Formal\Vivaldi\DATA\results\vivaldi_sweep_20260413_155533\SIM105_S11_clean.csv,W:\Formal\Vivaldi\DATA\results\vivaldi_sweep_20260413_155533\SIM105_Gain.csv,W:\Formal\Vivaldi\DATA\results\vivaldi_sweep_20260413_155533\SIM105_Gain_clean.csv,-17.2763898248286,14.565,7.6746077268087,90,2026-04-13 19:39:28,1,
SIM106,0.0208633038812912,1.72768062160144,3.57980386764231,0.296872081169735,0.154534119367468,0.441423854583162,W:\Formal\Vivaldi\DATA\results\vivaldi_sweep_20260413_155533\SIM106_S11.csv,W:\Formal\Vivaldi\DATA\results\vivaldi_sweep_20260413_155533\SIM106_S11_clean.csv,W:\Formal\Vivaldi\DATA\results\vivaldi_sweep_20260413_155533\SIM106_Gain.csv,W:\Formal\Vivaldi\DATA\results\vivaldi_sweep_20260413_155533\SIM106_Gain_clean.csv,-13.353536792835,14.5,7.58655762301176,90,2026-04-13 19:43:10,1,
SIM107,0.0369976659295406,1.98477540892736,3.93644654861281,0.404605028802887,0.124529432025908,0.426212843752101,W:\Formal\Vivaldi\DATA\results\vivaldi_sweep_20260413_155533\SIM107_S11.csv,W:\Formal\Vivaldi\DATA\results\vivaldi_sweep_20260413_155533\SIM107_S11_clean.csv,W:\Formal\Vivaldi\DATA\results\vivaldi_sweep_20260413_155533\SIM107_Gain.csv,W:\Formal\Vivaldi\DATA\results\vivaldi_sweep_20260413_155533\SIM107_Gain_clean.csv,-13.5018543767277,8,8.0746952013165,90,2026-04-13 19:45:53,1,
SIM108,0.0372130887925769,1.99496139423494,3.81059301753346,0.360721128344807,0.131551624636345,0.415008406367321,W:\Formal\Vivaldi\DATA\results\vivaldi_sweep_20260413_155533\SIM108_S11.csv,W:\Formal\Vivaldi\DATA\results\vivaldi_sweep_20260413_155533\SIM108_S11_clean.csv,W:\Formal\Vivaldi\DATA\results\vivaldi_sweep_20260413_155533\SIM108_Gain.csv,W:\Formal\Vivaldi\DATA\results\vivaldi_sweep_20260413_155533\SIM108_Gain_clean.csv,-13.0760057602104,14.37,7.93720433925999,88,2026-04-13 19:48:07,1,
SIM109,0.013884196843947,2.04706891804747,3.93071765728922,0.384985269156331,0.141813267894302,0.365170675837287,W:\Formal\Vivaldi\DATA\results\vivaldi_sweep_20260413_155533\SIM109_S11.csv,W:\Formal\Vivaldi\DATA\results\vivaldi_sweep_20260413_155533\SIM109_S11_clean.csv,W:\Formal\Vivaldi\DATA\results\vivaldi_sweep_20260413_155533\SIM109_Gain.csv,W:\Formal\Vivaldi\DATA\results\vivaldi_sweep_20260413_155533\SIM109_Gain_clean.csv,-30.0697075977286,11.965,7.97556115713564,90,2026-04-13 19:50:00,1,
SIM110,0.0162839365019944,1.81748729522705,3.38068280229201,0.298033520601771,0.140772682045488,0.337179167157691,W:\Formal\Vivaldi\DATA\results\vivaldi_sweep_20260413_155533\SIM110_S11.csv,W:\Formal\Vivaldi\DATA\results\vivaldi_sweep_20260413_155533\SIM110_S11_clean.csv,W:\Formal\Vivaldi\DATA\results\vivaldi_sweep_20260413_155533\SIM110_Gain.csv,W:\Formal\Vivaldi\DATA\results\vivaldi_sweep_20260413_155533\SIM110_Gain_clean.csv,-48.6359061354898,13.07,7.4322546279042,90,2026-04-13 19:53:01,1,
SIM111,0.0212310359294669,1.75215553710515,4.00051395009132,0.311909573423686,0.128548546076623,0.321471673287664,W:\Formal\Vivaldi\DATA\results\vivaldi_sweep_20260413_155533\SIM111_S11.csv,W:\Formal\Vivaldi\DATA\results\vivaldi_sweep_20260413_155533\SIM111_S11_clean.csv,W:\Formal\Vivaldi\DATA\results\vivaldi_sweep_20260413_155533\SIM111_Gain.csv,W:\Formal\Vivaldi\DATA\results\vivaldi_sweep_20260413_155533\SIM111_Gain_clean.csv,-30.4614224084828,13.85,8.00272730131213,90,2026-04-13 19:54:42,1,
SIM112,0.0333957409399224,2.00847618819076,3.5998821280223,0.340202665613288,0.142352319518557,0.423065934996878,W:\Formal\Vivaldi\DATA\results\vivaldi_sweep_20260413_155533\SIM112_S11.csv,W:\Formal\Vivaldi\DATA\results\vivaldi_sweep_20260413_155533\SIM112_S11_clean.csv,W:\Formal\Vivaldi\DATA\results\vivaldi_sweep_20260413_155533\SIM112_Gain.csv,W:\Formal\Vivaldi\DATA\results\vivaldi_sweep_20260413_155533\SIM112_Gain_clean.csv,-13.9245792836777,14.955,7.73542207748331,90,2026-04-13 19:58:06,1,
SIM113,0.0377668759263316,1.70317335935736,3.46335657202276,0.378824199846326,0.136605577642416,0.332923068649733,W:\Formal\Vivaldi\DATA\results\vivaldi_sweep_20260413_155533\SIM113_S11.csv,W:\Formal\Vivaldi\DATA\results\vivaldi_sweep_20260413_155533\SIM113_S11_clean.csv,W:\Formal\Vivaldi\DATA\results\vivaldi_sweep_20260413_155533\SIM113_Gain.csv,W:\Formal\Vivaldi\DATA\results\vivaldi_sweep_20260413_155533\SIM113_Gain_clean.csv,-21.981052879937,15.54,7.55921297271493,90,2026-04-13 19:59:58,1,
SIM114,0.0366134319836377,1.68552481947301,3.74517029054194,0.398826515197428,0.118812452357114,0.340173715192391,W:\Formal\Vivaldi\DATA\results\vivaldi_sweep_20260413_155533\SIM114_S11.csv,W:\Formal\Vivaldi\DATA\results\vivaldi_sweep_20260413_155533\SIM114_S11_clean.csv,W:\Formal\Vivaldi\DATA\results\vivaldi_sweep_20260413_155533\SIM114_Gain.csv,W:\Formal\Vivaldi\DATA\results\vivaldi_sweep_20260413_155533\SIM114_Gain_clean.csv,-38.8232838399787,21,7.79796184223581,90,2026-04-13 20:01:38,1,
SIM115,0.0103702846002371,1.74621958532413,3.75752716341943,0.350775386904179,0.116989416149016,0.414881882672522,W:\Formal\Vivaldi\DATA\results\vivaldi_sweep_20260413_155533\SIM115_S11.csv,W:\Formal\Vivaldi\DATA\results\vivaldi_sweep_20260413_155533\SIM115_S11_clean.csv,W:\Formal\Vivaldi\DATA\results\vivaldi_sweep_20260413_155533\SIM115_Gain.csv,W:\Formal\Vivaldi\DATA\results\vivaldi_sweep_20260413_155533\SIM115_Gain_clean.csv,-36.1307536840343,9.69,7.65437275926762,92,2026-04-13 20:05:12,1,
SIM116,0.01090308020578,1.95893569553117,3.55753368004831,0.377015058878753,0.145386154557052,0.351665027338943,W:\Formal\Vivaldi\DATA\results\vivaldi_sweep_20260413_155533\SIM116_S11.csv,W:\Formal\Vivaldi\DATA\results\vivaldi_sweep_20260413_155533\SIM116_S11_clean.csv,W:\Formal\Vivaldi\DATA\results\vivaldi_sweep_20260413_155533\SIM116_Gain.csv,W:\Formal\Vivaldi\DATA\results\vivaldi_sweep_20260413_155533\SIM116_Gain_clean.csv,-38.6436513964383,12.355,7.53796884770591,90,2026-04-13 20:07:52,1,
SIM117,0.0207014411641817,1.84686748963767,3.50231682168696,0.408672315585559,0.141692625122943,0.331561171815292,W:\Formal\Vivaldi\DATA\results\vivaldi_sweep_20260413_155533\SIM117_S11.csv,W:\Formal\Vivaldi\DATA\results\vivaldi_sweep_20260413_155533\SIM117_S11_clean.csv,W:\Formal\Vivaldi\DATA\results\vivaldi_sweep_20260413_155533\SIM117_Gain.csv,W:\Formal\Vivaldi\DATA\results\vivaldi_sweep_20260413_155533\SIM117_Gain_clean.csv,-35.7387897561451,14.825,7.56552710773036,90,2026-04-13 20:09:17,1,
SIM118,0.0398255728012923,1.9558787712318,4.10128286995173,0.35472115637559,0.148924871501135,0.363346821364884,W:\Formal\Vivaldi\DATA\results\vivaldi_sweep_20260413_155533\SIM118_S11.csv,W:\Formal\Vivaldi\DATA\results\vivaldi_sweep_20260413_155533\SIM118_S11_clean.csv,W:\Formal\Vivaldi\DATA\results\vivaldi_sweep_20260413_155533\SIM118_Gain.csv,W:\Formal\Vivaldi\DATA\results\vivaldi_sweep_20260413_155533\SIM118_Gain_clean.csv,-19.2908999842137,21,8.20516940900283,90,2026-04-13 20:10:41,1,
SIM119,0.0289493859120629,1.90463657072828,3.84803203261375,0.36235698585244,0.126012287772803,0.319119913660724,W:\Formal\Vivaldi\DATA\results\vivaldi_sweep_20260413_155533\SIM119_S11.csv,W:\Formal\Vivaldi\DATA\results\vivaldi_sweep_20260413_155533\SIM119_S11_clean.csv,W:\Formal\Vivaldi\DATA\results\vivaldi_sweep_20260413_155533\SIM119_Gain.csv,W:\Formal\Vivaldi\DATA\results\vivaldi_sweep_20260413_155533\SIM119_Gain_clean.csv,-32.6314854075316,14.37,7.91980224915798,88,2026-04-13 20:12:40,1,
SIM120,0.0113505887281536,2.00912658376329,3.79469097019775,0.32618925095912,0.116773587836697,0.282912661533211,W:\Formal\Vivaldi\DATA\results\vivaldi_sweep_20260413_155533\SIM120_S11.csv,W:\Formal\Vivaldi\DATA\results\vivaldi_sweep_20260413_155533\SIM120_S11_clean.csv,W:\Formal\Vivaldi\DATA\results\vivaldi_sweep_20260413_155533\SIM120_Gain.csv,W:\Formal\Vivaldi\DATA\results\vivaldi_sweep_20260413_155533\SIM120_Gain_clean.csv,-26.3506256716813,13.135,7.78812738842913,90,2026-04-13 20:16:25,1,
SIM121,0.027271118348085,1.97115824936292,3.83173821024217,0.359124237475667,0.118301751834665,0.412317726682987,W:\Formal\Vivaldi\DATA\results\vivaldi_sweep_20260413_155533\SIM121_S11.csv,W:\Formal\Vivaldi\DATA\results\vivaldi_sweep_20260413_155533\SIM121_S11_clean.csv,W:\Formal\Vivaldi\DATA\results\vivaldi_sweep_20260413_155533\SIM121_Gain.csv,W:\Formal\Vivaldi\DATA\results\vivaldi_sweep_20260413_155533\SIM121_Gain_clean.csv,-17.6949284779673,11.705,7.93812649664553,90,2026-04-13 20:18:42,1,
SIM122,0.0108537792729521,1.7807516283115,3.72800724130066,0.352441702571416,0.115495751267604,0.407203457058215,W:\Formal\Vivaldi\DATA\results\vivaldi_sweep_20260413_155533\SIM122_S11.csv,W:\Formal\Vivaldi\DATA\results\vivaldi_sweep_20260413_155533\SIM122_S11_clean.csv,W:\Formal\Vivaldi\DATA\results\vivaldi_sweep_20260413_155533\SIM122_Gain.csv,W:\Formal\Vivaldi\DATA\results\vivaldi_sweep_20260413_155533\SIM122_Gain_clean.csv,-57.380967968744,10.405,7.64460986163658,92,2026-04-13 20:21:42,1,
SIM123,0.0276559090842061,1.93029619707064,3.88217908166483,0.31993197805955,0.123496489636085,0.261086192042469,W:\Formal\Vivaldi\DATA\results\vivaldi_sweep_20260413_155533\SIM123_S11.csv,W:\Formal\Vivaldi\DATA\results\vivaldi_sweep_20260413_155533\SIM123_S11_clean.csv,W:\Formal\Vivaldi\DATA\results\vivaldi_sweep_20260413_155533\SIM123_Gain.csv,W:\Formal\Vivaldi\DATA\results\vivaldi_sweep_20260413_155533\SIM123_Gain_clean.csv,-35.4406471848631,15.8,7.96123980921699,90,2026-04-13 20:23:29,1,
SIM124,0.0348250309802198,1.94633101273187,3.68041604026848,0.363385964902957,0.12524170765302,0.42422395996829,W:\Formal\Vivaldi\DATA\results\vivaldi_sweep_20260413_155533\SIM124_S11.csv,W:\Formal\Vivaldi\DATA\results\vivaldi_sweep_20260413_155533\SIM124_S11_clean.csv,W:\Formal\Vivaldi\DATA\results\vivaldi_sweep_20260413_155533\SIM124_Gain.csv,W:\Formal\Vivaldi\DATA\results\vivaldi_sweep_20260413_155533\SIM124_Gain_clean.csv,-14.0763986131588,12.095,7.78177058515582,90,2026-04-13 20:26:22,1,
SIM125,0.0159744646093533,1.9610504586979,4.02249982768469,0.366896584153259,0.120900919096404,0.293822262316498,W:\Formal\Vivaldi\DATA\results\vivaldi_sweep_20260413_155533\SIM125_S11.csv,W:\Formal\Vivaldi\DATA\results\vivaldi_sweep_20260413_155533\SIM125_S11_clean.csv,W:\Formal\Vivaldi\DATA\results\vivaldi_sweep_20260413_155533\SIM125_Gain.csv,W:\Formal\Vivaldi\DATA\results\vivaldi_sweep_20260413_155533\SIM125_Gain_clean.csv,-25.3401643188901,12.16,8.04515642927983,90,2026-04-13 20:29:36,1,
SIM126,0.0132286172538721,1.80014274753893,3.76253806781293,0.368761001691942,0.15305544917645,0.396354449164034,W:\Formal\Vivaldi\DATA\results\vivaldi_sweep_20260413_155533\SIM126_S11.csv,W:\Formal\Vivaldi\DATA\results\vivaldi_sweep_20260413_155533\SIM126_S11_clean.csv,W:\Formal\Vivaldi\DATA\results\vivaldi_sweep_20260413_155533\SIM126_Gain.csv,W:\Formal\Vivaldi\DATA\results\vivaldi_sweep_20260413_155533\SIM126_Gain_clean.csv,-18.341004680116,11.835,7.71832859498369,90,2026-04-13 20:31:42,1,
SIM127,0.0179963536802307,1.76111892547789,3.46858208894885,0.340994671400109,0.148666075284389,0.268879771883074,W:\Formal\Vivaldi\DATA\results\vivaldi_sweep_20260413_155533\SIM127_S11.csv,W:\Formal\Vivaldi\DATA\results\vivaldi_sweep_20260413_155533\SIM127_S11_clean.csv,W:\Formal\Vivaldi\DATA\results\vivaldi_sweep_20260413_155533\SIM127_Gain.csv,W:\Formal\Vivaldi\DATA\results\vivaldi_sweep_20260413_155533\SIM127_Gain_clean.csv,-28.7366947331928,13.395,7.48094185771316,90,2026-04-13 20:34:10,1,
SIM128,0.0313768547044225,1.76675796160457,3.7544214457086,0.298236760344216,0.128119665483182,0.435105294555224,W:\Formal\Vivaldi\DATA\results\vivaldi_sweep_20260413_155533\SIM128_S11.csv,W:\Formal\Vivaldi\DATA\results\vivaldi_sweep_20260413_155533\SIM128_S11_clean.csv,W:\Formal\Vivaldi\DATA\results\vivaldi_sweep_20260413_155533\SIM128_Gain.csv,W:\Formal\Vivaldi\DATA\results\vivaldi_sweep_20260413_155533\SIM128_Gain_clean.csv,-14.6162692939074,8,7.81450228608816,90,2026-04-13 20:37:12,1,
SIM129,0.0371107666368296,1.97459088031713,3.86490935315789,0.356333464996803,0.133957683672778,0.393787258536358,W:\Formal\Vivaldi\DATA\results\vivaldi_sweep_20260413_155533\SIM129_S11.csv,W:\Formal\Vivaldi\DATA\results\vivaldi_sweep_20260413_155533\SIM129_S11_clean.csv,W:\Formal\Vivaldi\DATA\results\vivaldi_sweep_20260413_155533\SIM129_Gain.csv,W:\Formal\Vivaldi\DATA\results\vivaldi_sweep_20260413_155533\SIM129_Gain_clean.csv,-14.8474436498668,16.645,8.00227295299849,90,2026-04-13 20:39:07,1,
SIM130,0.0309700725379579,1.95069319796457,3.61295012710642,0.409662421760483,0.137154726894987,0.32289017450437,W:\Formal\Vivaldi\DATA\results\vivaldi_sweep_20260413_155533\SIM130_S11.csv,W:\Formal\Vivaldi\DATA\results\vivaldi_sweep_20260413_155533\SIM130_S11_clean.csv,W:\Formal\Vivaldi\DATA\results\vivaldi_sweep_20260413_155533\SIM130_Gain.csv,W:\Formal\Vivaldi\DATA\results\vivaldi_sweep_20260413_155533\SIM130_Gain_clean.csv,-33.807920736316,14.89,7.73719440787534,90,2026-04-13 20:40:52,1,
SIM131,0.0241399275995546,1.90812383976037,3.72617000888867,0.295452868444277,0.146995350164711,0.296860796583767,W:\Formal\Vivaldi\DATA\results\vivaldi_sweep_20260413_155533\SIM131_S11.csv,W:\Formal\Vivaldi\DATA\results\vivaldi_sweep_20260413_155533\SIM131_S11_clean.csv,W:\Formal\Vivaldi\DATA\results\vivaldi_sweep_20260413_155533\SIM131_Gain.csv,W:\Formal\Vivaldi\DATA\results\vivaldi_sweep_20260413_155533\SIM131_Gain_clean.csv,-40.7250615558274,14.695,7.78924531430182,90,2026-04-13 20:42:21,1,
SIM132,0.0187451172740395,2.04212290315263,3.62745879032929,0.414390112180047,0.138388000795797,0.405524859764913,W:\Formal\Vivaldi\DATA\results\vivaldi_sweep_20260413_155533\SIM132_S11.csv,W:\Formal\Vivaldi\DATA\results\vivaldi_sweep_20260413_155533\SIM132_S11_clean.csv,W:\Formal\Vivaldi\DATA\results\vivaldi_sweep_20260413_155533\SIM132_Gain.csv,W:\Formal\Vivaldi\DATA\results\vivaldi_sweep_20260413_155533\SIM132_Gain_clean.csv,-18.5272984297762,12.16,7.71960467091999,90,2026-04-13 20:44:46,1,
SIM133,0.0154057165440056,1.85472770218411,4.03836252650948,0.345079883415981,0.121911356453278,0.262114754451291,W:\Formal\Vivaldi\DATA\results\vivaldi_sweep_20260413_155533\SIM133_S11.csv,W:\Formal\Vivaldi\DATA\results\vivaldi_sweep_20260413_155533\SIM133_S11_clean.csv,W:\Formal\Vivaldi\DATA\results\vivaldi_sweep_20260413_155533\SIM133_Gain.csv,W:\Formal\Vivaldi\DATA\results\vivaldi_sweep_20260413_155533\SIM133_Gain_clean.csv,-25.6305248866232,15.15,8.02260410583502,90,2026-04-13 20:48:19,1,
SIM134,0.0347173817041925,1.74829495146028,3.59333262043275,0.386652822057781,0.154298786514309,0.370746332333985,W:\Formal\Vivaldi\DATA\results\vivaldi_sweep_20260413_155533\SIM134_S11.csv,W:\Formal\Vivaldi\DATA\results\vivaldi_sweep_20260413_155533\SIM134_S11_clean.csv,W:\Formal\Vivaldi\DATA\results\vivaldi_sweep_20260413_155533\SIM134_Gain.csv,W:\Formal\Vivaldi\DATA\results\vivaldi_sweep_20260413_155533\SIM134_Gain_clean.csv,-21.5432439282047,15.085,7.68318099574592,90,2026-04-13 20:50:18,1,
SIM135,0.0136750638143069,1.69454696336162,4.01776502880351,0.283107861224386,0.144949160173264,0.252417952964814,W:\Formal\Vivaldi\DATA\results\vivaldi_sweep_20260413_155533\SIM135_S11.csv,W:\Formal\Vivaldi\DATA\results\vivaldi_sweep_20260413_155533\SIM135_S11_clean.csv,W:\Formal\Vivaldi\DATA\results\vivaldi_sweep_20260413_155533\SIM135_Gain.csv,W:\Formal\Vivaldi\DATA\results\vivaldi_sweep_20260413_155533\SIM135_Gain_clean.csv,-44.1832218290364,14.565,7.96046283634303,90,2026-04-13 20:54:02,1,
SIM136,0.0301474072626207,1.70216037922071,3.40411794728911,0.407608441261596,0.14943240864718,0.392116507239788,W:\Formal\Vivaldi\DATA\results\vivaldi_sweep_20260413_155533\SIM136_S11.csv,W:\Formal\Vivaldi\DATA\results\vivaldi_sweep_20260413_155533\SIM136_S11_clean.csv,W:\Formal\Vivaldi\DATA\results\vivaldi_sweep_20260413_155533\SIM136_Gain.csv,W:\Formal\Vivaldi\DATA\results\vivaldi_sweep_20260413_155533\SIM136_Gain_clean.csv,-19.3997355257598,12.875,7.46488411141285,90,2026-04-13 20:56:15,1,
SIM137,0.0379655589283713,1.69131685889292,4.06794519021923,0.328190812164882,0.150588360151763,0.294773478436707,W:\Formal\Vivaldi\DATA\results\vivaldi_sweep_20260413_155533\SIM137_S11.csv,W:\Formal\Vivaldi\DATA\results\vivaldi_sweep_20260413_155533\SIM137_S11_clean.csv,W:\Formal\Vivaldi\DATA\results\vivaldi_sweep_20260413_155533\SIM137_Gain.csv,W:\Formal\Vivaldi\DATA\results\vivaldi_sweep_20260413_155533\SIM137_Gain_clean.csv,-23.9604943384927,16.58,8.10917964113741,90,2026-04-13 20:58:18,1,
SIM138,0.0140433689189166,1.88556380960491,3.80733695146639,0.403085502542073,0.140533062588018,0.432948329259255,W:\Formal\Vivaldi\DATA\results\vivaldi_sweep_20260413_155533\SIM138_S11.csv,W:\Formal\Vivaldi\DATA\results\vivaldi_sweep_20260413_155533\SIM138_S11_clean.csv,W:\Formal\Vivaldi\DATA\results\vivaldi_sweep_20260413_155533\SIM138_Gain.csv,W:\Formal\Vivaldi\DATA\results\vivaldi_sweep_20260413_155533\SIM138_Gain_clean.csv,-21.2992004828732,11.51,7.77738591640791,90,2026-04-13 21:01:58,1,
SIM139,0.015271030615747,1.77601266236865,3.82024321840974,0.418358373775263,0.123390625367796,0.398050516932392,W:\Formal\Vivaldi\DATA\results\vivaldi_sweep_20260413_155533\SIM139_S11.csv,W:\Formal\Vivaldi\DATA\results\vivaldi_sweep_20260413_155533\SIM139_S11_clean.csv,W:\Formal\Vivaldi\DATA\results\vivaldi_sweep_20260413_155533\SIM139_Gain.csv,W:\Formal\Vivaldi\DATA\results\vivaldi_sweep_20260413_155533\SIM139_Gain_clean.csv,-40.5220749277625,11.51,7.79345536557522,90,2026-04-13 21:04:42,1,
SIM140,0.0252140670904488,1.69717426011307,3.79311022385723,0.392936247877057,0.130986219970058,0.418177451024278,W:\Formal\Vivaldi\DATA\results\vivaldi_sweep_20260413_155533\SIM140_S11.csv,W:\Formal\Vivaldi\DATA\results\vivaldi_sweep_20260413_155533\SIM140_S11_clean.csv,W:\Formal\Vivaldi\DATA\results\vivaldi_sweep_20260413_155533\SIM140_Gain.csv,W:\Formal\Vivaldi\DATA\results\vivaldi_sweep_20260413_155533\SIM140_Gain_clean.csv,-17.845832813227,11.64,7.79677991560459,90,2026-04-13 21:06:51,1,
SIM141,0.0111055556998225,2.01179844816247,3.43456293857338,0.312984749387307,0.127908196724278,0.434967196491065,W:\Formal\Vivaldi\DATA\results\vivaldi_sweep_20260413_155533\SIM141_S11.csv,W:\Formal\Vivaldi\DATA\results\vivaldi_sweep_20260413_155533\SIM141_S11_clean.csv,W:\Formal\Vivaldi\DATA\results\vivaldi_sweep_20260413_155533\SIM141_Gain.csv,W:\Formal\Vivaldi\DATA\results\vivaldi_sweep_20260413_155533\SIM141_Gain_clean.csv,-40.2216415599473,10.015,7.40953490191836,90,2026-04-13 21:09:24,1,
SIM142,0.0122201594904331,1.71219746657416,3.40691638940561,0.322783739031007,0.142949628791544,0.313500266449078,W:\Formal\Vivaldi\DATA\results\vivaldi_sweep_20260413_155533\SIM142_S11.csv,W:\Formal\Vivaldi\DATA\results\vivaldi_sweep_20260413_155533\SIM142_S11_clean.csv,W:\Formal\Vivaldi\DATA\results\vivaldi_sweep_20260413_155533\SIM142_Gain.csv,W:\Formal\Vivaldi\DATA\results\vivaldi_sweep_20260413_155533\SIM142_Gain_clean.csv,-38.5163112014899,14.955,7.37187655197615,90,2026-04-13 21:12:20,1,
SIM143,0.0382497266178271,1.90712365369425,3.79989044887845,0.382447624323115,0.132769458214115,0.339835846928084,W:\Formal\Vivaldi\DATA\results\vivaldi_sweep_20260413_155533\SIM143_S11.csv,W:\Formal\Vivaldi\DATA\results\vivaldi_sweep_20260413_155533\SIM143_S11_clean.csv,W:\Formal\Vivaldi\DATA\results\vivaldi_sweep_20260413_155533\SIM143_Gain.csv,W:\Formal\Vivaldi\DATA\results\vivaldi_sweep_20260413_155533\SIM143_Gain_clean.csv,-33.7847250129426,21,7.90841356285931,90,2026-04-13 21:13:51,1,
SIM144,0.0129703933705833,1.8941570070141,4.11210599028862,0.317131767354286,0.133165369930522,0.292710856263322,W:\Formal\Vivaldi\DATA\results\vivaldi_sweep_20260413_155533\SIM144_S11.csv,W:\Formal\Vivaldi\DATA\results\vivaldi_sweep_20260413_155533\SIM144_S11_clean.csv,W:\Formal\Vivaldi\DATA\results\vivaldi_sweep_20260413_155533\SIM144_Gain.csv,W:\Formal\Vivaldi\DATA\results\vivaldi_sweep_20260413_155533\SIM144_Gain_clean.csv,-28.0700471042156,14.955,8.06876902457964,90,2026-04-13 21:15:54,1,
SIM145,0.0220965102737221,1.83935834276986,3.38431635745388,0.412746488227744,0.150181593933135,0.425315068180739,W:\Formal\Vivaldi\DATA\results\vivaldi_sweep_20260413_155533\SIM145_S11.csv,W:\Formal\Vivaldi\DATA\results\vivaldi_sweep_20260413_155533\SIM145_S11_clean.csv,W:\Formal\Vivaldi\DATA\results\vivaldi_sweep_20260413_155533\SIM145_Gain.csv,W:\Formal\Vivaldi\DATA\results\vivaldi_sweep_20260413_155533\SIM145_Gain_clean.csv,-18.6757818838032,12.615,7.4570446563077,90,2026-04-13 21:19:06,1,
SIM146,0.0238169778330638,1.71586438857331,4.00752737616485,0.285958125002193,0.127772534322291,0.377379410785051,W:\Formal\Vivaldi\DATA\results\vivaldi_sweep_20260413_155533\SIM146_S11.csv,W:\Formal\Vivaldi\DATA\results\vivaldi_sweep_20260413_155533\SIM146_S11_clean.csv,W:\Formal\Vivaldi\DATA\results\vivaldi_sweep_20260413_155533\SIM146_Gain.csv,W:\Formal\Vivaldi\DATA\results\vivaldi_sweep_20260413_155533\SIM146_Gain_clean.csv,-21.3260129826256,13.59,8.01777635143942,90,2026-04-13 21:20:49,1,
SIM147,0.0266580396534902,1.87990121450411,3.48627964080975,0.288727005389336,0.12891775346134,0.448318045229627,W:\Formal\Vivaldi\DATA\results\vivaldi_sweep_20260413_155533\SIM147_S11.csv,W:\Formal\Vivaldi\DATA\results\vivaldi_sweep_20260413_155533\SIM147_S11_clean.csv,W:\Formal\Vivaldi\DATA\results\vivaldi_sweep_20260413_155533\SIM147_Gain.csv,W:\Formal\Vivaldi\DATA\results\vivaldi_sweep_20260413_155533\SIM147_Gain_clean.csv,-15.3084316488392,8.13,7.54540831651402,90,2026-04-13 21:23:58,1,
SIM148,0.0274955868593356,1.87663594947517,3.63976846800388,0.419980639521395,0.13516240092438,0.348897829756887,W:\Formal\Vivaldi\DATA\results\vivaldi_sweep_20260413_155533\SIM148_S11.csv,W:\Formal\Vivaldi\DATA\results\vivaldi_sweep_20260413_155533\SIM148_S11_clean.csv,W:\Formal\Vivaldi\DATA\results\vivaldi_sweep_20260413_155533\SIM148_Gain.csv,W:\Formal\Vivaldi\DATA\results\vivaldi_sweep_20260413_155533\SIM148_Gain_clean.csv,-25.8640207138405,14.565,7.71997068978818,88,2026-04-13 21:25:23,1,
SIM149,0.0148286744527902,2.03088083585728,3.8969810302662,0.348295776256198,0.122414561403588,0.306502100130323,W:\Formal\Vivaldi\DATA\results\vivaldi_sweep_20260413_155533\SIM149_S11.csv,W:\Formal\Vivaldi\DATA\results\vivaldi_sweep_20260413_155533\SIM149_S11_clean.csv,W:\Formal\Vivaldi\DATA\results\vivaldi_sweep_20260413_155533\SIM149_Gain.csv,W:\Formal\Vivaldi\DATA\results\vivaldi_sweep_20260413_155533\SIM149_Gain_clean.csv,-43.2182819952117,12.485,7.92973790329049,90,2026-04-13 21:27:53,1,
SIM150,0.024657075229799,2.03284682737466,4.08794240345546,0.411815340725018,0.145462388699935,0.35990746298431,W:\Formal\Vivaldi\DATA\results\vivaldi_sweep_20260413_155533\SIM150_S11.csv,W:\Formal\Vivaldi\DATA\results\vivaldi_sweep_20260413_155533\SIM150_S11_clean.csv,W:\Formal\Vivaldi\DATA\results\vivaldi_sweep_20260413_155533\SIM150_Gain.csv,W:\Formal\Vivaldi\DATA\results\vivaldi_sweep_20260413_155533\SIM150_Gain_clean.csv,-24.2775428230946,21,8.15223689751045,90,2026-04-13 21:29:39,1,
SIM151,0.0206439581857132,1.75353983729913,3.78867423095911,0.305545581491241,0.119341075233675,0.350039404233907,W:\Formal\Vivaldi\DATA\results\vivaldi_sweep_20260413_155533\SIM151_S11.csv,W:\Formal\Vivaldi\DATA\results\vivaldi_sweep_20260413_155533\SIM151_S11_clean.csv,W:\Formal\Vivaldi\DATA\results\vivaldi_sweep_20260413_155533\SIM151_Gain.csv,W:\Formal\Vivaldi\DATA\results\vivaldi_sweep_20260413_155533\SIM151_Gain_clean.csv,-41.0657903512533,11.965,7.78089506323968,90,2026-04-13 21:32:09,1,
SIM152,0.0326786004557603,1.89948666255556,3.90494263745259,0.324912688020037,0.117798559759188,0.373936840535859,W:\Formal\Vivaldi\DATA\results\vivaldi_sweep_20260413_155533\SIM152_S11.csv,W:\Formal\Vivaldi\DATA\results\vivaldi_sweep_20260413_155533\SIM152_S11_clean.csv,W:\Formal\Vivaldi\DATA\results\vivaldi_sweep_20260413_155533\SIM152_Gain.csv,W:\Formal\Vivaldi\DATA\results\vivaldi_sweep_20260413_155533\SIM152_Gain_clean.csv,-20.6579443505451,13.98,7.98824179519213,90,2026-04-13 21:33:50,1,
SIM153,0.021960351661294,1.85264382792736,3.88370514070535,0.28231511263158,0.134943691619585,0.288116986482405,W:\Formal\Vivaldi\DATA\results\vivaldi_sweep_20260413_155533\SIM153_S11.csv,W:\Formal\Vivaldi\DATA\results\vivaldi_sweep_20260413_155533\SIM153_S11_clean.csv,W:\Formal\Vivaldi\DATA\results\vivaldi_sweep_20260413_155533\SIM153_Gain.csv,W:\Formal\Vivaldi\DATA\results\vivaldi_sweep_20260413_155533\SIM153_Gain_clean.csv,-38.8780042594222,14.435,7.8998919632299,90,2026-04-13 21:35:47,1,
SIM154,0.038648720240682,1.86106902737982,3.89372474502983,0.354078119795819,0.148361578462135,0.383867970417969,W:\Formal\Vivaldi\DATA\results\vivaldi_sweep_20260413_155533\SIM154_S11.csv,W:\Formal\Vivaldi\DATA\results\vivaldi_sweep_20260413_155533\SIM154_S11_clean.csv,W:\Formal\Vivaldi\DATA\results\vivaldi_sweep_20260413_155533\SIM154_Gain.csv,W:\Formal\Vivaldi\DATA\results\vivaldi_sweep_20260413_155533\SIM154_Gain_clean.csv,-16.3689352126996,19.83,8.00266119142703,92,2026-04-13 21:36:57,1,
SIM155,0.0133746890254539,1.81079600929859,3.64705584057286,0.286847387025972,0.120753792943499,0.327784141609072,W:\Formal\Vivaldi\DATA\results\vivaldi_sweep_20260413_155533\SIM155_S11.csv,W:\Formal\Vivaldi\DATA\results\vivaldi_sweep_20260413_155533\SIM155_S11_clean.csv,W:\Formal\Vivaldi\DATA\results\vivaldi_sweep_20260413_155533\SIM155_Gain.csv,W:\Formal\Vivaldi\DATA\results\vivaldi_sweep_20260413_155533\SIM155_Gain_clean.csv,-44.7027008187496,14.11,7.616366484534,90,2026-04-13 21:40:07,1,
SIM156,0.0304398695070221,1.96911871635106,3.54024594865738,0.372344850725434,0.152678034279431,0.323881688176606,W:\Formal\Vivaldi\DATA\results\vivaldi_sweep_20260413_155533\SIM156_S11.csv,W:\Formal\Vivaldi\DATA\results\vivaldi_sweep_20260413_155533\SIM156_S11_clean.csv,W:\Formal\Vivaldi\DATA\results\vivaldi_sweep_20260413_155533\SIM156_Gain.csv,W:\Formal\Vivaldi\DATA\results\vivaldi_sweep_20260413_155533\SIM156_Gain_clean.csv,-28.3618475493362,15.605,7.66797722848498,90,2026-04-13 21:42:07,1,
SIM157,0.0229874701648159,1.79240008616783,3.42011489490553,0.31144234723238,0.145646667143766,0.315452230994597,W:\Formal\Vivaldi\DATA\results\vivaldi_sweep_20260413_155533\SIM157_S11.csv,W:\Formal\Vivaldi\DATA\results\vivaldi_sweep_20260413_155533\SIM157_S11_clean.csv,W:\Formal\Vivaldi\DATA\results\vivaldi_sweep_20260413_155533\SIM157_Gain.csv,W:\Formal\Vivaldi\DATA\results\vivaldi_sweep_20260413_155533\SIM157_Gain_clean.csv,-28.7134182114261,13.07,7.49316235554098,90,2026-04-13 21:44:04,1,
SIM158,0.037624777725168,1.77408959142189,3.42969404918583,0.348607294150779,0.115924846575782,0.420888310647472,W:\Formal\Vivaldi\DATA\results\vivaldi_sweep_20260413_155533\SIM158_S11.csv,W:\Formal\Vivaldi\DATA\results\vivaldi_sweep_20260413_155533\SIM158_S11_clean.csv,W:\Formal\Vivaldi\DATA\results\vivaldi_sweep_20260413_155533\SIM158_Gain.csv,W:\Formal\Vivaldi\DATA\results\vivaldi_sweep_20260413_155533\SIM158_Gain_clean.csv,-16.6831433624144,10.08,7.56014578417851,90,2026-04-13 21:47:46,1,
SIM159,0.0295980630398298,2.02855253525569,3.57752832579358,0.306135277958446,0.115301874592933,0.378570777859963,W:\Formal\Vivaldi\DATA\results\vivaldi_sweep_20260413_155533\SIM159_S11.csv,W:\Formal\Vivaldi\DATA\results\vivaldi_sweep_20260413_155533\SIM159_S11_clean.csv,W:\Formal\Vivaldi\DATA\results\vivaldi_sweep_20260413_155533\SIM159_Gain.csv,W:\Formal\Vivaldi\DATA\results\vivaldi_sweep_20260413_155533\SIM159_Gain_clean.csv,-19.6569633768009,12.55,7.69528046769693,90,2026-04-13 21:50:29,1,
SIM160,0.0283709264163384,1.96858714409603,3.61452553066083,0.316359495264774,0.127178394633214,0.305524820147704,W:\Formal\Vivaldi\DATA\results\vivaldi_sweep_20260413_155533\SIM160_S11.csv,W:\Formal\Vivaldi\DATA\results\vivaldi_sweep_20260413_155533\SIM160_S11_clean.csv,W:\Formal\Vivaldi\DATA\results\vivaldi_sweep_20260413_155533\SIM160_Gain.csv,W:\Formal\Vivaldi\DATA\results\vivaldi_sweep_20260413_155533\SIM160_Gain_clean.csv,-46.426200168024,14.89,7.72495014524675,90,2026-04-13 21:51:56,1,
SIM161,0.0336657937065073,1.71748900302821,3.87941310078165,0.388174334868081,0.132019340400142,0.270227186042031,W:\Formal\Vivaldi\DATA\results\vivaldi_sweep_20260413_155533\SIM161_S11.csv,W:\Formal\Vivaldi\DATA\results\vivaldi_sweep_20260413_155533\SIM161_S11_clean.csv,W:\Formal\Vivaldi\DATA\results\vivaldi_sweep_20260413_155533\SIM161_Gain.csv,W:\Formal\Vivaldi\DATA\results\vivaldi_sweep_20260413_155533\SIM161_Gain_clean.csv,-32.4386987219007,14.63,7.91554711423085,90,2026-04-13 21:54:13,1,
SIM162,0.0112811143376086,1.85819689720791,3.60542259057378,0.378443185133649,0.12500277008822,0.253453363838832,W:\Formal\Vivaldi\DATA\results\vivaldi_sweep_20260413_155533\SIM162_S11.csv,W:\Formal\Vivaldi\DATA\results\vivaldi_sweep_20260413_155533\SIM162_S11_clean.csv,W:\Formal\Vivaldi\DATA\results\vivaldi_sweep_20260413_155533\SIM162_Gain.csv,W:\Formal\Vivaldi\DATA\results\vivaldi_sweep_20260413_155533\SIM162_Gain_clean.csv,-19.9814975842469,13.46,7.52730023966485,88,2026-04-13 21:56:10,1,
SIM163,0.0302990019872715,1.91561166275279,4.10818894642359,0.293045396084811,0.124064380297028,0.410715480704985,W:\Formal\Vivaldi\DATA\results\vivaldi_sweep_20260413_155533\SIM163_S11.csv,W:\Formal\Vivaldi\DATA\results\vivaldi_sweep_20260413_155533\SIM163_S11_clean.csv,W:\Formal\Vivaldi\DATA\results\vivaldi_sweep_20260413_155533\SIM163_Gain.csv,W:\Formal\Vivaldi\DATA\results\vivaldi_sweep_20260413_155533\SIM163_Gain_clean.csv,-14.8955060330164,13.525,8.19156773403659,90,2026-04-13 21:59:02,1,
SIM164,0.027017051503473,1.91804897423919,4.0422921168414,0.334874863829559,0.137795106517679,0.38289553005293,W:\Formal\Vivaldi\DATA\results\vivaldi_sweep_20260413_155533\SIM164_S11.csv,W:\Formal\Vivaldi\DATA\results\vivaldi_sweep_20260413_155533\SIM164_S11_clean.csv,W:\Formal\Vivaldi\DATA\results\vivaldi_sweep_20260413_155533\SIM164_Gain.csv,W:\Formal\Vivaldi\DATA\results\vivaldi_sweep_20260413_155533\SIM164_Gain_clean.csv,-16.2918639124733,11.185,8.12936850775501,90,2026-04-13 22:01:01,1,
SIM165,0.0157799205508695,1.80604452497678,3.90592477034629,0.37796202180687,0.146628617990107,0.28009931331424,W:\Formal\Vivaldi\DATA\results\vivaldi_sweep_20260413_155533\SIM165_S11.csv,W:\Formal\Vivaldi\DATA\results\vivaldi_sweep_20260413_155533\SIM165_S11_clean.csv,W:\Formal\Vivaldi\DATA\results\vivaldi_sweep_20260413_155533\SIM165_Gain.csv,W:\Formal\Vivaldi\DATA\results\vivaldi_sweep_20260413_155533\SIM165_Gain_clean.csv,-40.2043986414062,14.37,7.88675381890392,90,2026-04-13 22:03:50,1,
SIM166,0.0100934682287871,1.91026453654856,3.6579669393815,0.369636810068332,0.116075200664523,0.333729780464513,W:\Formal\Vivaldi\DATA\results\vivaldi_sweep_20260413_155533\SIM166_S11.csv,W:\Formal\Vivaldi\DATA\results\vivaldi_sweep_20260413_155533\SIM166_S11_clean.csv,W:\Formal\Vivaldi\DATA\results\vivaldi_sweep_20260413_155533\SIM166_Gain.csv,W:\Formal\Vivaldi\DATA\results\vivaldi_sweep_20260413_155533\SIM166_Gain_clean.csv,-29.4878177721145,13.655,7.59847269552029,90,2026-04-13 22:05:56,1,
SIM167,0.0344842643960555,1.76337939867264,4.02742364200903,0.330447990325729,0.124360890364408,0.300713864175835,W:\Formal\Vivaldi\DATA\results\vivaldi_sweep_20260413_155533\SIM167_S11.csv,W:\Formal\Vivaldi\DATA\results\vivaldi_sweep_20260413_155533\SIM167_S11_clean.csv,W:\Formal\Vivaldi\DATA\results\vivaldi_sweep_20260413_155533\SIM167_Gain.csv,W:\Formal\Vivaldi\DATA\results\vivaldi_sweep_20260413_155533\SIM167_Gain_clean.csv,-36.0828565458298,16.19,8.06943069025785,90,2026-04-13 22:08:09,1,
SIM168,0.0142874631875564,1.88337062330823,3.71074069340549,0.294195608511864,0.129261415229311,0.409514581267355,W:\Formal\Vivaldi\DATA\results\vivaldi_sweep_20260413_155533\SIM168_S11.csv,W:\Formal\Vivaldi\DATA\results\vivaldi_sweep_20260413_155533\SIM168_S11_clean.csv,W:\Formal\Vivaldi\DATA\results\vivaldi_sweep_20260413_155533\SIM168_Gain.csv,W:\Formal\Vivaldi\DATA\results\vivaldi_sweep_20260413_155533\SIM168_Gain_clean.csv,-27.8251880048616,11.705,7.73212635406541,90,2026-04-13 22:10:24,1,
SIM169,0.011691834416123,1.91384843158766,3.84609692126048,0.400833028412546,0.129673178371767,0.34180607717205,W:\Formal\Vivaldi\DATA\results\vivaldi_sweep_20260413_155533\SIM169_S11.csv,W:\Formal\Vivaldi\DATA\results\vivaldi_sweep_20260413_155533\SIM169_S11_clean.csv,W:\Formal\Vivaldi\DATA\results\vivaldi_sweep_20260413_155533\SIM169_Gain.csv,W:\Formal\Vivaldi\DATA\results\vivaldi_sweep_20260413_155533\SIM169_Gain_clean.csv,-37.523631314329,13.655,7.8066869743754,90,2026-04-13 22:13:24,1,
SIM170,0.0247500338834641,1.97899182049629,3.98572602584268,0.372602213933619,0.122252321078389,0.375841252646682,W:\Formal\Vivaldi\DATA\results\vivaldi_sweep_20260413_155533\SIM170_S11.csv,W:\Formal\Vivaldi\DATA\results\vivaldi_sweep_20260413_155533\SIM170_S11_clean.csv,W:\Formal\Vivaldi\DATA\results\vivaldi_sweep_20260413_155533\SIM170_Gain.csv,W:\Formal\Vivaldi\DATA\results\vivaldi_sweep_20260413_155533\SIM170_Gain_clean.csv,-24.1432638207877,13.655,8.06081681920056,90,2026-04-13 22:15:03,1,
SIM171,0.0239791902661185,1.75496481372376,3.57559852617937,0.417530677823992,0.133643575169725,0.429288758757252,W:\Formal\Vivaldi\DATA\results\vivaldi_sweep_20260413_155533\SIM171_S11.csv,W:\Formal\Vivaldi\DATA\results\vivaldi_sweep_20260413_155533\SIM171_S11_clean.csv,W:\Formal\Vivaldi\DATA\results\vivaldi_sweep_20260413_155533\SIM171_Gain.csv,W:\Formal\Vivaldi\DATA\results\vivaldi_sweep_20260413_155533\SIM171_Gain_clean.csv,-19.1662960744615,9.82,7.58042989989845,90,2026-04-13 22:17:43,1,
SIM172,0.038963031011515,1.89062029000742,3.61943429913312,0.410771444254821,0.139150163253588,0.264172065215719,W:\Formal\Vivaldi\DATA\results\vivaldi_sweep_20260413_155533\SIM172_S11.csv,W:\Formal\Vivaldi\DATA\results\vivaldi_sweep_20260413_155533\SIM172_S11_clean.csv,W:\Formal\Vivaldi\DATA\results\vivaldi_sweep_20260413_155533\SIM172_Gain.csv,W:\Formal\Vivaldi\DATA\results\vivaldi_sweep_20260413_155533\SIM172_Gain_clean.csv,-44.9613306559764,15.735,7.73860307178186,90,2026-04-13 22:19:29,1,
SIM173,0.0361415293262767,1.83015299573897,3.72087310228817,0.300157997829705,0.129501871413959,0.369506320196068,W:\Formal\Vivaldi\DATA\results\vivaldi_sweep_20260413_155533\SIM173_S11.csv,W:\Formal\Vivaldi\DATA\results\vivaldi_sweep_20260413_155533\SIM173_S11_clean.csv,W:\Formal\Vivaldi\DATA\results\vivaldi_sweep_20260413_155533\SIM173_Gain.csv,W:\Formal\Vivaldi\DATA\results\vivaldi_sweep_20260413_155533\SIM173_Gain_clean.csv,-18.7498384641104,16.97,7.79727399119064,90,2026-04-13 22:21:18,1,
SIM174,0.0186418155375094,1.76903080823757,3.41526911906113,0.402134033207713,0.117919378490209,0.430667639105082,W:\Formal\Vivaldi\DATA\results\vivaldi_sweep_20260413_155533\SIM174_S11.csv,W:\Formal\Vivaldi\DATA\results\vivaldi_sweep_20260413_155533\SIM174_S11_clean.csv,W:\Formal\Vivaldi\DATA\results\vivaldi_sweep_20260413_155533\SIM174_Gain.csv,W:\Formal\Vivaldi\DATA\results\vivaldi_sweep_20260413_155533\SIM174_Gain_clean.csv,-37.9768869774969,10.145,7.44549888758296,90,2026-04-13 22:24:48,1,
SIM175,0.0101553819831305,1.69637358268195,3.39063124095397,0.382136220223817,0.142465473304693,0.289643594862631,W:\Formal\Vivaldi\DATA\results\vivaldi_sweep_20260413_155533\SIM175_S11.csv,W:\Formal\Vivaldi\DATA\results\vivaldi_sweep_20260413_155533\SIM175_S11_clean.csv,W:\Formal\Vivaldi\DATA\results\vivaldi_sweep_20260413_155533\SIM175_Gain.csv,W:\Formal\Vivaldi\DATA\results\vivaldi_sweep_20260413_155533\SIM175_Gain_clean.csv,-38.3403877741549,13.915,7.30554386983032,90,2026-04-13 22:28:32,1,
SIM176,0.0165215948774226,1.93807400575819,4.04451138822468,0.289657123227685,0.137519312919583,0.25100465796031,W:\Formal\Vivaldi\DATA\results\vivaldi_sweep_20260413_155533\SIM176_S11.csv,W:\Formal\Vivaldi\DATA\results\vivaldi_sweep_20260413_155533\SIM176_S11_clean.csv,W:\Formal\Vivaldi\DATA\results\vivaldi_sweep_20260413_155533\SIM176_Gain.csv,W:\Formal\Vivaldi\DATA\results\vivaldi_sweep_20260413_155533\SIM176_Gain_clean.csv,-43.1394752752501,14.695,8.07498877018321,90,2026-04-13 22:31:24,1,
SIM177,0.0331471740377282,1.93371294030516,3.56644637835239,0.293652589321611,0.13633554409068,0.380291987781201,W:\Formal\Vivaldi\DATA\results\vivaldi_sweep_20260413_155533\SIM177_S11.csv,W:\Formal\Vivaldi\DATA\results\vivaldi_sweep_20260413_155533\SIM177_S11_clean.csv,W:\Formal\Vivaldi\DATA\results\vivaldi_sweep_20260413_155533\SIM177_Gain.csv,W:\Formal\Vivaldi\DATA\results\vivaldi_sweep_20260413_155533\SIM177_Gain_clean.csv,-19.1061845789453,15.15,7.66206181330715,90,2026-04-13 22:33:42,1,
SIM178,0.0141001908458543,1.95485210363817,3.86383237068963,0.381188839009201,0.145882933034728,0.417226145611222,W:\Formal\Vivaldi\DATA\results\vivaldi_sweep_20260413_155533\SIM178_S11.csv,W:\Formal\Vivaldi\DATA\results\vivaldi_sweep_20260413_155533\SIM178_S11_clean.csv,W:\Formal\Vivaldi\DATA\results\vivaldi_sweep_20260413_155533\SIM178_Gain.csv,W:\Formal\Vivaldi\DATA\results\vivaldi_sweep_20260413_155533\SIM178_Gain_clean.csv,-21.3636834714934,11.64,7.85705349266058,90,2026-04-13 22:36:14,1,
SIM179,0.0197493587343927,1.99748357067084,3.96507552325909,0.373823964461192,0.153677913028386,0.406636901358552,W:\Formal\Vivaldi\DATA\results\vivaldi_sweep_20260413_155533\SIM179_S11.csv,W:\Formal\Vivaldi\DATA\results\vivaldi_sweep_20260413_155533\SIM179_S11_clean.csv,W:\Formal\Vivaldi\DATA\results\vivaldi_sweep_20260413_155533\SIM179_Gain.csv,W:\Formal\Vivaldi\DATA\results\vivaldi_sweep_20260413_155533\SIM179_Gain_clean.csv,-18.9280516220798,11.64,8.02230277542967,90,2026-04-13 22:38:07,1,
SIM180,0.0323979590979623,1.85514535361664,3.99051857291472,0.410919938047158,0.122051816795589,0.445069180931949,W:\Formal\Vivaldi\DATA\results\vivaldi_sweep_20260413_155533\SIM180_S11.csv,W:\Formal\Vivaldi\DATA\results\vivaldi_sweep_20260413_155533\SIM180_S11_clean.csv,W:\Formal\Vivaldi\DATA\results\vivaldi_sweep_20260413_155533\SIM180_Gain.csv,W:\Formal\Vivaldi\DATA\results\vivaldi_sweep_20260413_155533\SIM180_Gain_clean.csv,-14.4488253102281,11.25,8.06192001494975,90,2026-04-13 22:41:19,1,
SIM181,0.0167111339962339,1.72477484597704,3.47540933234363,0.380451598630909,0.152324391811333,0.318550952045527,W:\Formal\Vivaldi\DATA\results\vivaldi_sweep_20260413_155533\SIM181_S11.csv,W:\Formal\Vivaldi\DATA\results\vivaldi_sweep_20260413_155533\SIM181_S11_clean.csv,W:\Formal\Vivaldi\DATA\results\vivaldi_sweep_20260413_155533\SIM181_Gain.csv,W:\Formal\Vivaldi\DATA\results\vivaldi_sweep_20260413_155533\SIM181_Gain_clean.csv,-43.1973541949718,12.875,7.46791941803495,90,2026-04-13 22:44:51,1,
SIM182,0.0171375344038333,1.72104891154399,4.02883696370238,0.281604210178912,0.138586706692334,0.444027420992708,W:\Formal\Vivaldi\DATA\results\vivaldi_sweep_20260413_155533\SIM182_S11.csv,W:\Formal\Vivaldi\DATA\results\vivaldi_sweep_20260413_155533\SIM182_S11_clean.csv,W:\Formal\Vivaldi\DATA\results\vivaldi_sweep_20260413_155533\SIM182_Gain.csv,W:\Formal\Vivaldi\DATA\results\vivaldi_sweep_20260413_155533\SIM182_Gain_clean.csv,-21.1745810653913,10.99,7.93562744745053,90,2026-04-13 22:47:54,1,
SIM183,0.0243645022418729,1.89662878149739,3.85483151559844,0.327163946823436,0.135502101521749,0.404129462555382,W:\Formal\Vivaldi\DATA\results\vivaldi_sweep_20260413_155533\SIM183_S11.csv,W:\Formal\Vivaldi\DATA\results\vivaldi_sweep_20260413_155533\SIM183_S11_clean.csv,W:\Formal\Vivaldi\DATA\results\vivaldi_sweep_20260413_155533\SIM183_Gain.csv,W:\Formal\Vivaldi\DATA\results\vivaldi_sweep_20260413_155533\SIM183_Gain_clean.csv,-16.7647894819306,11.705,7.92941590568011,90,2026-04-13 22:50:42,1,
SIM184,0.0265678307533266,1.92151378451483,3.63218829893658,0.396520929232204,0.124838598140606,0.374882382125079,W:\Formal\Vivaldi\DATA\results\vivaldi_sweep_20260413_155533\SIM184_S11.csv,W:\Formal\Vivaldi\DATA\results\vivaldi_sweep_20260413_155533\SIM184_S11_clean.csv,W:\Formal\Vivaldi\DATA\results\vivaldi_sweep_20260413_155533\SIM184_Gain.csv,W:\Formal\Vivaldi\DATA\results\vivaldi_sweep_20260413_155533\SIM184_Gain_clean.csv,-22.7009526731744,12.29,7.72826853868386,90,2026-04-13 22:52:29,1,
SIM185,0.036530433230318,1.75679124873943,3.85730140930138,0.365437834957667,0.134252576653671,0.326585750933174,W:\Formal\Vivaldi\DATA\results\vivaldi_sweep_20260413_155533\SIM185_S11.csv,W:\Formal\Vivaldi\DATA\results\vivaldi_sweep_20260413_155533\SIM185_S11_clean.csv,W:\Formal\Vivaldi\DATA\results\vivaldi_sweep_20260413_155533\SIM185_Gain.csv,W:\Formal\Vivaldi\DATA\results\vivaldi_sweep_20260413_155533\SIM185_Gain_clean.csv,-25.9568682512058,16.645,7.9276069234689,90,2026-04-13 22:54:22,1,
SIM186,0.025929336950088,2.03905209380381,3.82457075747444,0.351689521725778,0.153366695535953,0.279409261895319,W:\Formal\Vivaldi\DATA\results\vivaldi_sweep_20260413_155533\SIM186_S11.csv,W:\Formal\Vivaldi\DATA\results\vivaldi_sweep_20260413_155533\SIM186_S11_clean.csv,W:\Formal\Vivaldi\DATA\results\vivaldi_sweep_20260413_155533\SIM186_Gain.csv,W:\Formal\Vivaldi\DATA\results\vivaldi_sweep_20260413_155533\SIM186_Gain_clean.csv,-26.2646255674177,16.32,7.93776312201964,90,2026-04-13 22:55:57,1,
SIM187,0.0222052674933741,1.73071395456977,4.0866974949017,0.336616210465071,0.132303881527803,0.399413834910535,W:\Formal\Vivaldi\DATA\results\vivaldi_sweep_20260413_155533\SIM187_S11.csv,W:\Formal\Vivaldi\DATA\results\vivaldi_sweep_20260413_155533\SIM187_S11_clean.csv,W:\Formal\Vivaldi\DATA\results\vivaldi_sweep_20260413_155533\SIM187_Gain.csv,W:\Formal\Vivaldi\DATA\results\vivaldi_sweep_20260413_155533\SIM187_Gain_clean.csv,-22.6049842724604,11.12,8.11012551955253,90,2026-04-13 22:57:44,1,
SIM188,0.0191805925542323,1.74028159759024,3.44246557102732,0.336882136729146,0.135310214955515,0.427205576456294,W:\Formal\Vivaldi\DATA\results\vivaldi_sweep_20260413_155533\SIM188_S11.csv,W:\Formal\Vivaldi\DATA\results\vivaldi_sweep_20260413_155533\SIM188_S11_clean.csv,W:\Formal\Vivaldi\DATA\results\vivaldi_sweep_20260413_155533\SIM188_Gain.csv,W:\Formal\Vivaldi\DATA\results\vivaldi_sweep_20260413_155533\SIM188_Gain_clean.csv,-19.4647853953909,10.015,7.47692526118726,90,2026-04-13 23:00:59,1,
SIM189,0.0294173663702492,1.74098675275893,3.67192820042943,0.329192413148886,0.151777923250061,0.257956430844873,W:\Formal\Vivaldi\DATA\results\vivaldi_sweep_20260413_155533\SIM189_S11.csv,W:\Formal\Vivaldi\DATA\results\vivaldi_sweep_20260413_155533\SIM189_S11_clean.csv,W:\Formal\Vivaldi\DATA\results\vivaldi_sweep_20260413_155533\SIM189_Gain.csv,W:\Formal\Vivaldi\DATA\results\vivaldi_sweep_20260413_155533\SIM189_Gain_clean.csv,-40.9097492153631,16.125,7.70628103323739,90,2026-04-13 23:03:17,1,
SIM190,0.0126994577868528,1.97670781363987,4.08269600991378,0.389610782979692,0.142136712054196,0.283643148186129,W:\Formal\Vivaldi\DATA\results\vivaldi_sweep_20260413_155533\SIM190_S11.csv,W:\Formal\Vivaldi\DATA\results\vivaldi_sweep_20260413_155533\SIM190_S11_clean.csv,W:\Formal\Vivaldi\DATA\results\vivaldi_sweep_20260413_155533\SIM190_Gain.csv,W:\Formal\Vivaldi\DATA\results\vivaldi_sweep_20260413_155533\SIM190_Gain_clean.csv,-50.3166893737216,15.15,8.04937250724539,90,2026-04-13 23:05:44,1,
SIM191,0.0375619686353384,1.99557956848623,3.52570173942301,0.304123894288407,0.137203003160699,0.376151928163423,W:\Formal\Vivaldi\DATA\results\vivaldi_sweep_20260413_155533\SIM191_S11.csv,W:\Formal\Vivaldi\DATA\results\vivaldi_sweep_20260413_155533\SIM191_S11_clean.csv,W:\Formal\Vivaldi\DATA\results\vivaldi_sweep_20260413_155533\SIM191_Gain.csv,W:\Formal\Vivaldi\DATA\results\vivaldi_sweep_20260413_155533\SIM191_Gain_clean.csv,-18.7860832890384,20.155,7.6721862437445,90,2026-04-13 23:07:21,1,
SIM192,0.014604560637018,1.68862422004599,4.06057147920576,0.357772362392031,0.151260216310678,0.312230086707709,W:\Formal\Vivaldi\DATA\results\vivaldi_sweep_20260413_155533\SIM192_S11.csv,W:\Formal\Vivaldi\DATA\results\vivaldi_sweep_20260413_155533\SIM192_S11_clean.csv,W:\Formal\Vivaldi\DATA\results\vivaldi_sweep_20260413_155533\SIM192_Gain.csv,W:\Formal\Vivaldi\DATA\results\vivaldi_sweep_20260413_155533\SIM192_Gain_clean.csv,-35.2267497589377,15.54,7.96027401671746,90,2026-04-13 23:09:12,1,
SIM193,0.0315756137058145,1.84058528393793,3.66778846793853,0.39576150236703,0.154694452173667,0.286781608622245,W:\Formal\Vivaldi\DATA\results\vivaldi_sweep_20260413_155533\SIM193_S11.csv,W:\Formal\Vivaldi\DATA\results\vivaldi_sweep_20260413_155533\SIM193_S11_clean.csv,W:\Formal\Vivaldi\DATA\results\vivaldi_sweep_20260413_155533\SIM193_Gain.csv,W:\Formal\Vivaldi\DATA\results\vivaldi_sweep_20260413_155533\SIM193_Gain_clean.csv,-43.2910455904727,15.085,7.7175064956991,90,2026-04-13 23:11:47,1,
SIM194,0.035716487579935,1.81288203335251,3.96948760290696,0.360048616255385,0.131234620398645,0.379840007521928,W:\Formal\Vivaldi\DATA\results\vivaldi_sweep_20260413_155533\SIM194_S11.csv,W:\Formal\Vivaldi\DATA\results\vivaldi_sweep_20260413_155533\SIM194_S11_clean.csv,W:\Formal\Vivaldi\DATA\results\vivaldi_sweep_20260413_155533\SIM194_Gain.csv,W:\Formal\Vivaldi\DATA\results\vivaldi_sweep_20260413_155533\SIM194_Gain_clean.csv,-17.3493321022954,16.32,8.0455908337638,90,2026-04-13 23:13:34,1,
SIM195,0.01682349468302,1.79719960542961,3.77223467013875,0.366320295941892,0.119455262272114,0.421483862273324,W:\Formal\Vivaldi\DATA\results\vivaldi_sweep_20260413_155533\SIM195_S11.csv,W:\Formal\Vivaldi\DATA\results\vivaldi_sweep_20260413_155533\SIM195_S11_clean.csv,W:\Formal\Vivaldi\DATA\results\vivaldi_sweep_20260413_155533\SIM195_Gain.csv,W:\Formal\Vivaldi\DATA\results\vivaldi_sweep_20260413_155533\SIM195_Gain_clean.csv,-24.8591690049541,9.625,7.76462227497556,90,2026-04-13 23:16:10,1,
SIM196,0.0189818281809189,1.91330993300845,3.47751119927393,0.34337847329421,0.1507131037636,0.447570978716678,W:\Formal\Vivaldi\DATA\results\vivaldi_sweep_20260413_155533\SIM196_S11.csv,W:\Formal\Vivaldi\DATA\results\vivaldi_sweep_20260413_155533\SIM196_S11_clean.csv,W:\Formal\Vivaldi\DATA\results\vivaldi_sweep_20260413_155533\SIM196_Gain.csv,W:\Formal\Vivaldi\DATA\results\vivaldi_sweep_20260413_155533\SIM196_Gain_clean.csv,-15.1811791192189,12.225,7.50749857716154,90,2026-04-13 23:19:11,1,
SIM197,0.0263283002844089,1.70704457357488,3.73989760388115,0.323540785662159,0.139311598512161,0.446693530496378,W:\Formal\Vivaldi\DATA\results\vivaldi_sweep_20260413_155533\SIM197_S11.csv,W:\Formal\Vivaldi\DATA\results\vivaldi_sweep_20260413_155533\SIM197_S11_clean.csv,W:\Formal\Vivaldi\DATA\results\vivaldi_sweep_20260413_155533\SIM197_Gain.csv,W:\Formal\Vivaldi\DATA\results\vivaldi_sweep_20260413_155533\SIM197_Gain_clean.csv,-14.7624352304057,8,7.77001932724848,94,2026-04-13 23:21:29,1,
SIM198,0.0231630334538205,1.98230511060825,3.97764696945489,0.418835351779015,0.115000263900447,0.35727584509957,W:\Formal\Vivaldi\DATA\results\vivaldi_sweep_20260413_155533\SIM198_S11.csv,W:\Formal\Vivaldi\DATA\results\vivaldi_sweep_20260413_155533\SIM198_S11_clean.csv,W:\Formal\Vivaldi\DATA\results\vivaldi_sweep_20260413_155533\SIM198_Gain.csv,W:\Formal\Vivaldi\DATA\results\vivaldi_sweep_20260413_155533\SIM198_Gain_clean.csv,-30.8390782162954,11.64,8.03869471673962,90,2026-04-13 23:23:13,1,
SIM199,0.0353363853234697,1.68281286915335,3.53630291649835,0.332017786676753,0.117092095988219,0.290417958978606,W:\Formal\Vivaldi\DATA\results\vivaldi_sweep_20260413_155533\SIM199_S11.csv,W:\Formal\Vivaldi\DATA\results\vivaldi_sweep_20260413_155533\SIM199_S11_clean.csv,W:\Formal\Vivaldi\DATA\results\vivaldi_sweep_20260413_155533\SIM199_Gain.csv,W:\Formal\Vivaldi\DATA\results\vivaldi_sweep_20260413_155533\SIM199_Gain_clean.csv,-48.6579655639793,15.215,7.60895991428978,90,2026-04-13 23:25:10,1,
SIM200,0.0135460843468633,1.87037678982269,3.73704695750401,0.357384264612537,0.140345954828367,0.422222506089379,W:\Formal\Vivaldi\DATA\results\vivaldi_sweep_20260413_155533\SIM200_S11.csv,W:\Formal\Vivaldi\DATA\results\vivaldi_sweep_20260413_155533\SIM200_S11_clean.csv,W:\Formal\Vivaldi\DATA\results\vivaldi_sweep_20260413_155533\SIM200_Gain.csv,W:\Formal\Vivaldi\DATA\results\vivaldi_sweep_20260413_155533\SIM200_Gain_clean.csv,-20.211815808585,11.705,7.72016032009753,92,2026-04-13 23:27:41,1,
